30/03/2025		Ferraris Maria Amelia	SGI	Analista del SGI	Allan	Introduccion SGI	Capacitaciones SGI	Capacitación Realizada		10	31/03/2025
30/03/2025		Ferraris Maria Amelia	SGI	Analista del SGI	Allan	- Información Documentada (PAU/02)	Propia del Puesto	Capacitación Realizada		8	10/07/2025
30/03/2025		Ferraris Maria Amelia	SGI	Analista del SGI	Allan	ITAU 04/05 Gestión de Seguridad Vial	Capacitaciones SGI	Capacitación Realizada		10	28/05/2025
30/03/2025		Ferraris Maria Amelia	SGI	Analista del SGI	Allan	Politica del SGI	Capacitaciones SGI	Capacitación Realizada		10	31/03/2025
30/03/2025		Ferraris Maria Amelia	SGI	Analista del SGI	Allan	Gestion de Riesgos y Oportunidades	Propia del Puesto	Capacitación Realizada		8	31/03/2025
30/04/2025		Ferraris Maria Amelia	SGI	Analista del SGI	Allan	PAU 07  Indicadores de Gestión	Propia del Puesto	Capacitación Realizada		10	31/03/2025
30/04/2025		Ferraris Maria Amelia	SGI	Analista del SGI	Allan	PAU 08 Mejora	Propia del Puesto	Capacitación Realizada		8	31/03/2025
30/06/2025		Ferraris Maria Amelia	SGI	Analista del SGI	Allan	Reglamento de Explotacion y del Usuario	Propia del Puesto	Capacitación Realizada		10	10/07/2025
09/04/2025		Ferraris Maria Amelia	SGI	Analista del SGI	Allan	CA-04 FORMACIÓN DE AUDITORES INTERNOS DE SISTEMAS DE GESTIÓN DE LA CALIDAD IRAM ISO 9001:2015	Propia del Puesto	Capacitación Realizada		7	05/05/2025
10/03/2025	11739	Montes Sergio	SGI	Jefe del SGI	Allan	FULL STACK ENGINEER	Propia del Puesto	Capacitación Realizada		10	31/10/2025
16/10/2024		Montes Sergio	SGI	Analista del SGI	Allan	FORMACIÓN DE AUDITORES LÍDERES DE SISTEMAS DE GESTIÓN DE LA CALIDAD	Propia del Puesto	Capacitación Realizada		9	26/10/2024
04/10/2024		Masullo Matias	SGI	Jefe del SGI	Allan	EXPERTO UNIVERSITARIO EN LEAN SIX SIGMA GREEN BELT	Propia del Puesto	Capacitación Realizada		10	04/10/2024
23/05/2025		Ferraris Maria Amelia	SGI	Analista del SGI	Allan	SV-06 FORMACIÓN DE AUDITORES INTERNOS DE SISTEMAS DE GESTIÓN DE SEGURIDAD VIAL IRAM-ISO 39001	Propia del Puesto	Capacitación Realizada		7	12/05/2025
30/06/2025		Ferraris Maria Amelia	SGI	Analista del SGI	Allan	Contrato de Concesión	Propia del Puesto	Capacitación Realizada		8	10/07/2025
31/10/2023	11739	Montes Sergio	SGI	Analista del SGI	Allan	Diplomado en Sistema de Gestion Integrado	Propia del Puesto	Capacitación Realizada		10	31/03/2023
25/10/2024	11739	Montes Sergio	SGI	Analista del SGI	Allan	Introducción e Implementación de Sistemas de Gestión Antisoborno y de cumplimiento según las normas IRAM ISO 37001:2019 e ISO 37301:2021		Capacitación Realizada		10	25/10/2024
20/10/2023	11739	Montes Sergio	SGI	Analista del SGI	Allan	SV-06 FORMACIÓN DE AUDITORES INTERNOS DE SISTEMAS DE GESTIÓN DE SEGURIDAD VIAL IRAM-ISO 39001	Propia del Puesto	Capacitación Realizada			20/10/2023
17/10/2025	10666	Ferraris Maria Amelia	SGI	Analista del SGI	Allan	MATRIZ LEGAL	Propia del Puesto	Capacitación Realizada		8	17/10/2025
17/11/2025	11027	Lettieri Mauro	SGI	Analista del SGI	Allan	Introduccion SGI	Propia del Puesto	Capacitación Realizada	17/11/2025	10	17/11/2025
27/08/2025	11027	Lettieri Mauro	SGI	Analista del SGI		Politica del SGI	Propia del Puesto	Capacitación Realizada		8	26/08/2025
26/08/2025	11027	Lettieri Mauro	SGI	Analista del SGI		- Información Documentada (PAU/02)	Propia del Puesto	Capacitación Realizada		8	26/08/2025
27/08/2025	11027	Lettieri Mauro	SGI	Analista del SGI		PAU 07  Indicadores de Gestión	Propia del Puesto	Capacitación Realizada		10	27/08/2025
27/08/2025	11027	Lettieri Mauro	SGI	Analista del SGI		Gestion de Riesgos y Oportunidades	Propia del Puesto	Capacitación Realizada		10	27/08/2025
17/11/2025	11027	Lettieri Mauro	SGI	Analista del SGI		ITAU 04/05 Gestión de Seguridad Vial	Propia del Puesto	Capacitación Realizada		10	17/11/2025
19/11/2025	11027	Lettieri Mauro	SGI	Analista del SGI		MATRIZ LEGAL	Propia del Puesto	Capacitación Realizada		10	19/11/2025
19/11/2025	11027	Lettieri Mauro	SGI	Analista del SGI		Reglamento de Explotacion y del Usuario	Propia del Puesto	Capacitación Realizada		10	19/11/2025
19/11/2025	11027	Lettieri Mauro	SGI	Analista del SGI		Contrato de Concesión	Propia del Puesto	Capacitación Realizada		10	19/11/2025
19/11/2025	11027	Lettieri Mauro	SGI	Analista del SGI		PAU 08 Mejora	Propia del Puesto	Capacitación Realizada		10	19/11/2025
19/11/2025	11739	Montes Sergio	SGI	Jefe del SGI	Allan	MATRIZ LEGAL	Propia del Puesto	Capacitación Realizada		10	16/12/2025
11/07/2025	20054	Lachaise Matias	SGI	Analista del SGI		Contrato de Concesión	Capacitaciones SGI	Capacitación Realizada		8	11/07/2025
11/07/2025	20054	Lachaise Matias	SGI	Analista del SGI		Reglamento de Explotacion y del Usuario	Capacitaciones SGI	Capacitación Realizada		10	11/07/2025
10/12/2025	20054	Lachaise Matias	SGI	Analista del SGI		- Información Documentada (PAU/02)	Capacitaciones SGI	Capacitación Realizada		10	10/12/2025
10/12/2025	20054	Lachaise Matias	SGI	Analista del SGI		Gestion de Riesgos y Oportunidades	Capacitaciones SGI	Capacitación Realizada		10	10/12/2025
10/12/2025	20054	Lachaise Matias	SGI	Analista del SGI		PAU 07  Indicadores de Gestión	Capacitaciones SGI	Capacitación Realizada	10/12/2025	10	10/12/2025
06/09/2025	20054	Lachaise Matias	SGI	Analista del SGI		PAU 08 Mejora	Capacitaciones SGI	Capacitación Realizada		10	06/09/2025
04/12/2025		Ferraris Maria Amelia	SGI	Analista del SGI		CA-05 Formación Avanzada de Auditores Internos de Sistemas de Gestión de Calidad	Capacitaciones SGI	Capacitación Realizada		10	04/12/2025
04/12/2025		Lachaise Matias	SGI	Analista del SGI		CA-05 Formación Avanzada de Auditores Internos de Sistemas de Gestión de Calidad		Capacitación Realizada		10	04/12/2025
04/12/2025		Lettieri Mauro	SGI	Analista del SGI		CA-05 Formación Avanzada de Auditores Internos de Sistemas de Gestión de Calidad	Capacitaciones SGI	Capacitación Realizada		10	04/12/2025
12/01/2026		Lettieri Mauro	SGI	Analista del SGI	Allan	PAU-01. Análisis de Contexto	Propia del Puesto	Capacitación Realizada		10	12/01/2026
12/01/2026	10666	Ferraris Maria Amelia	SGI	Analista del SGI	Allan	PAU-01. Análisis de Contexto	Propia del Puesto	Capacitación Realizada		10	12/01/2026
16/04/2026	20054	Lachaise Matias	SGI	Analista del SGI		MATRIZ LEGAL	Capacitaciones SGI	Capacitación Realizada		10	16/04/2026
16/04/2026	11756	Salierno Gisela	SGI	Analista del SGI	Allan	MATRIZ LEGAL	Capacitaciones SGI	Capacitación Realizada		10	16/04/2026
17/04/2026	11756	Salierno Gisela	SGI	Analista del SGI	Allan	Politica del SGI	Propia del Puesto	Capacitación Realizada		10	17/04/2026
17/04/2026	11756	Salierno Gisela	SGI	Analista del SGI	Allan	PAU 08 Mejora	Propia del Puesto	Capacitación Realizada		10	17/04/2026
14/04/2026	11756	Salierno Gisela	SGI	Analista del SGI	Allan	Introduccion SGI	Propia del Puesto	Capacitación Realizada		10	14/04/2026
14/04/2026	11756	Salierno Gisela	SGI	Analista del SGI	Allan	Gestion de Riesgos y Oportunidades	Propia del Puesto	Capacitación Realizada		8	14/04/2026
14/04/2026	11756	Salierno Gisela	SGI	Analista del SGI	Allan	PAU 07  Indicadores de Gestión	Propia del Puesto	Capacitación Realizada		10	14/04/2026
17/04/2026	11756	Salierno Gisela	SGI	Analista del SGI	Allan	- Información Documentada (PAU/02)	Propia del Puesto	Capacitación Realizada		10	18/04/2026
17/04/2026	11756	Salierno Gisela	SGI	Analista del SGI	Allan	Reglamento de explotación	Propia del Puesto	Capacitación Realizada		80	18/04/2026
17/04/2026	11756	Salierno Gisela	SGI	Analista del SGI	Allan	Reglamento del Usuario	Propia del Puesto	Capacitación Realizada		10	18/04/2026
20/04/2026	11756	Salierno Gisela	SGI	Analista del SGI	Allan	PAU-01. Análisis de Contexto	Propia del Puesto	Capacitación Realizada		10	20/04/2026
20/04/2026	11756	Salierno Gisela	SGI	Analista del SGI	Allan	ITAU 04/05 Gestión de Seguridad Vial	Propia del Puesto	Capacitación Realizada		10	20/04/2026
21/04/2026	11739	Montes Sergio	SGI	Jefe del SGI	Allan	Introduccion SGI	Propia del Puesto	Capacitación Realizada		10	21/04/2026
21/04/2026	11739	Montes Sergio	SGI	Jefe del SGI	Allan	- Información Documentada (PAU/02)	Propia del Puesto	Capacitación Realizada		10	21/04/2026
21/04/2026	11739	Montes Sergio	SGI	Jefe del SGI	Allan	Reglamento de explotación	Propia del Puesto	Capacitación Realizada		8	23/04/2026
	11739	Montes Sergio	SGI	Jefe del SGI	Allan	Reglamento del Usuario	Propia del Puesto	Capacitación Realizada		80	21/04/2026
21/04/2026	11739	Montes Sergio	SGI	Jefe del SGI	Allan	Politica del SGI	Propia del Puesto	Capacitación Realizada		10	21/04/2026
21/04/2026	11739	Montes Sergio	SGI	Jefe del SGI	Allan	Gestion de Riesgos y Oportunidades	Propia del Puesto	Capacitación Realizada		10	21/04/2026
21/04/2026	11739	Montes Sergio	SGI	Jefe del SGI	Allan	PAU 08 Mejora	Propia del Puesto	Capacitación Realizada		10	21/04/2026
21/04/2026	11739	Montes Sergio	SGI	Jefe del SGI	Allan	PAU 07  Indicadores de Gestión	Propia del Puesto	Capacitación Realizada		10	21/04/2026
21/04/2026	11739	Montes Sergio	SGI	Jefe del SGI	Allan	PAU-01. Análisis de Contexto	Propia del Puesto	Capacitación Realizada		10	21/04/2026
22/04/2026	11756	Salierno Gisela	SGI	Analista del SGI	Allan	Contrato de Concesión	Propia del Puesto	Capacitación Realizada		10	22/04/2026
22/04/2026		Okita Silvia	SGI	Jefe del SGI	Allan	PAU 07  Indicadores de Gestión	Propia del Puesto	Capacitación Realizada		10	23/04/2026
22/04/2026		Okita Silvia	SGI	Jefe del SGI	Allan	Politica del SGI	Propia del Puesto	Capacitación Realizada		10	23/04/2026
22/04/2026		Okita Silvia	SGI	Jefe del SGI	Allan	- Información Documentada (PAU/02)	Propia del Puesto	Capacitación Realizada		8	23/04/2026
22/04/2026	0	Okita Silvia	SGI	Jefe del SGI	Allan	PAU 08 Mejora	Propia del Puesto	Capacitación Realizada		10	23/04/2026
24/04/2026	11027	Lettieri Mauro	SGI	Analista del SGI		Política de Gestión Integrada - Rev 05	Capacitaciones SGI	Capacitación Realizada		10	24/04/2026
24/04/2026	11756	Salierno Gisela	SGI	Analista del SGI	Allan	Política de Gestión Integrada - Rev 05	Capacitaciones SGI	Capacitación Realizada		10	24/04/2026
23/04/2026		Ferraris Maria Amelia	SGI	Analista del SGI	Allan	Política de Gestión Integrada - Rev 05	Capacitaciones SGI	Capacitación Realizada		10	24/04/2026
23/04/2026	20054	Lachaise Matias	SGI	Analista del SGI	Allan	Política de Gestión Integrada - Rev 05	Capacitaciones SGI	Capacitación Realizada		10	24/04/2026
11/05/2026	11756	Salierno Gisela	SGI	Analista del SGI	Allan	CA-04 FORMACIÓN DE AUDITORES INTERNOS DE SISTEMAS DE GESTIÓN DE LA CALIDAD IRAM ISO 9001:2015	Capacitaciones SGI	Capacitación Realizada		9	14/05/2026
05/06/2026		ESEVERRI JOSE MARIA	SGI	COORDINADOR GENERAL DE AUDITORIA INTERNA Y CONTROL DE GESTIÓN	 SEDE CENTRAL	INTRODUCCIÓN A SGI	CAPACITACIONES SGI	Capacitacion Realizada		8	05/06/2026
05/06/2026		ESEVERRI JOSE MARIA	SGI	COORDINADOR GENERAL DE AUDITORIA INTERNA Y CONTROL DE GESTIÓN	SEDE CENTRAL	POLÍTICA DE SGI	CAPACITACIONES SGI	Capacitacion Realizada		10	05/06/2026
05/06/2026		ESEVERRI JOSE MARIA	SGI	COORDINADOR GENERAL DE AUDITORIA INTERNA Y CONTROL DE GESTIÓN	SEDE CENTRAL	REGLAMENTO DEL USUARIO	PROPIA DEL PUESTO	Capacitacion Realizada		10	05/06/2026
05/06/2026		ESEVERRI JOSE MARIA	SGI	COORDINADOR GENERAL DE AUDITORIA INTERNA Y CONTROL DE GESTIÓN	SEDE CENTRAL	REGLAMENTO DE EXPLOTACIÓN	PROPIA DEL PUESTO	Capacitacion Realizada		8	05/06/2026
05/06/2026		ESEVERRI JOSE MARIA	SGI	COORDINADOR GENERAL DE AUDITORIA INTERNA Y CONTROL DE GESTIÓN	SEDE CENTRAL	CONTRATO DE CONCESIÓN	PROPIA DEL PUESTO	Capacitacion Realizada		10	05/06/2026
