22/05/2025		Miranda Daniel	Gerencia de Sistemas	Tecnicos de Peajes	Dock Sud	Induccion SHE	Seguridad e Higiene	Capacitación Realizada		10	28/05/2025
23/05/2025		Miranda Daniel	Gerencia de Sistemas	Tecnicos de Peajes	Dock Sud	Introduccion SGI	Capacitaciones SGI	Capacitación Realizada		10	30/05/2025
23/05/2025		Miranda Daniel	Gerencia de Sistemas	Tecnicos de Peajes	Dock Sud	Politica del SGI	Capacitaciones SGI	Capacitación Realizada		10	30/05/2025
22/05/2025		Savarino Andres	Gerencia de Sistemas	Tecnicos de Peajes	Dock Sud	Induccion SHE	Seguridad e Higiene	Capacitación Realizada		8	02/06/2025
23/05/2025		Savarino Andres	Gerencia de Sistemas	Tecnicos de Peajes	Dock Sud	Introduccion SGI	Capacitaciones SGI	Capacitación Realizada		10	02/06/2025
23/05/2025		Savarino Andres	Gerencia de Sistemas	Tecnicos de Peajes	Dock Sud	Politica del SGI	Capacitaciones SGI	Capacitación Realizada		8	19/06/2025
22/05/2025		Alonso Eduardo	Gerencia de Sistemas	Tecnicos de Peajes	Dock Sud	Induccion SHE	Seguridad e Higiene	Capacitación Realizada		10	02/06/2025
23/05/2025		Alonso Eduardo	Gerencia de Sistemas	Tecnicos de Peajes	Dock Sud	Introduccion SGI	Capacitaciones SGI	Capacitación Realizada		10	03/06/2025
23/05/2025		Alonso Eduardo	Gerencia de Sistemas	Tecnicos de Peajes	Dock Sud	Politica del SGI	Capacitaciones SGI	Capacitación Realizada		10	23/06/2025
											
23/05/2025		CABELLO LEANDRO	Gerencia de Sistemas	Tecnicos de Peajes	Dock Sud	Introduccion SGI	Capacitaciones SGI	Capacitación Realizada		10	02/06/2025
23/05/2025		CABELLO LEANDRO	Gerencia de Sistemas	Tecnicos de Peajes	Dock Sud	Politica del SGI	Capacitaciones SGI	Capacitación Realizada		8	02/06/2025
22/05/2025		SALINAS GUILLERMO	Gerencia de Sistemas	Tecnicos de Peajes	Quilmes	Induccion SHE	Seguridad e Higiene	Capacitación Realizada		10	03/06/2025
23/05/2025		SALINAS GUILLERMO	Gerencia de Sistemas	Tecnicos de Peajes	Quilmes	Introduccion SGI	Capacitaciones SGI	Capacitación Realizada		8	03/06/2025
23/05/2025		SALINAS GUILLERMO	Gerencia de Sistemas	Tecnicos de Peajes	Quilmes	Politica del SGI	Capacitaciones SGI	Capacitación Realizada		10	19/06/2025
22/05/2025		LELIO EMANUEL	Gerencia de Sistemas	Tecnicos de Peajes	Quilmes	Induccion SHE	Seguridad e Higiene	Capacitación Realizada		10	03/06/2025
23/05/2025		LELIO EMANUEL	Gerencia de Sistemas	Tecnicos de Peajes	Quilmes	Introduccion SGI	Capacitaciones SGI	Capacitación Realizada		10	03/06/2025
23/05/2025		LELIO EMANUEL	Gerencia de Sistemas	Tecnicos de Peajes	Quilmes	Politica del SGI	Capacitaciones SGI	Capacitación Realizada		10	20/06/2025
22/05/2025		Juarez Juan	Gerencia de Sistemas	Tecnicos de Peajes	Quilmes	Induccion SHE	Seguridad e Higiene	Capacitación Realizada		10	28/05/2025
23/05/2025		Juarez Juan	Gerencia de Sistemas	Tecnicos de Peajes	Quilmes	Introduccion SGI	Capacitaciones SGI	Capacitación Realizada		10	28/05/2025
23/05/2025		Juarez Juan	Gerencia de Sistemas	Tecnicos de Peajes	Quilmes	Politica del SGI	Capacitaciones SGI	Capacitación Realizada		10	28/05/2025
22/05/2025		ANNACONDIA LUCIANO	Gerencia de Sistemas	Tecnicos de Peajes	Quilmes	Induccion SHE	Seguridad e Higiene	Capacitación Realizada		10	28/05/2025
23/05/2025		ANNACONDIA LUCIANO	Gerencia de Sistemas	Tecnicos de Peajes	Quilmes	Introduccion SGI	Capacitaciones SGI	Capacitación Realizada		8	28/05/2025
23/05/2025		ANNACONDIA LUCIANO	Gerencia de Sistemas	Tecnicos de Peajes	Quilmes	Politica del SGI	Capacitaciones SGI	Capacitación Realizada		8	28/05/2025
22/05/2025		BARON JULIO	Gerencia de Sistemas	Tecnicos de Peajes	Hudson	Induccion SHE	Seguridad e Higiene	Capacitación Realizada		10	02/06/2025
23/05/2025		BARON JULIO	Gerencia de Sistemas	Tecnicos de Peajes	Hudson	Introduccion SGI	Capacitaciones SGI	Capacitación Realizada		10	02/06/2025
23/05/2025		BARON JULIO	Gerencia de Sistemas	Tecnicos de Peajes	Hudson	Politica del SGI	Capacitaciones SGI	Capacitación Realizada		10	02/06/2025
22/05/2025		MCNAMARA GUSTAVO	Gerencia de Sistemas	Tecnicos de Peajes	Hudson	Induccion SHE	Seguridad e Higiene	Capacitación Realizada		10	02/06/2025
23/05/2025		MCNAMARA GUSTAVO	Gerencia de Sistemas	Tecnicos de Peajes	Hudson	Introduccion SGI	Capacitaciones SGI	Capacitación Realizada		10	02/06/2025
23/05/2025		MCNAMARA GUSTAVO	Gerencia de Sistemas	Tecnicos de Peajes	Hudson	Politica del SGI	Capacitaciones SGI	Capacitación Realizada		10	02/06/2025
22/05/2025		RAUL CORVALAN	Gerencia de Sistemas	Tecnicos de Peajes	Dock Sud	Induccion SHE	Seguridad e Higiene	Capacitación Realizada		10	02/06/2025
23/05/2025		RAUL CORVALAN	Gerencia de Sistemas	Tecnicos de Peajes	Dock Sud	Introduccion SGI	Capacitaciones SGI	Capacitación Realizada		10	02/06/2025
23/05/2025		RAUL CORVALAN	Gerencia de Sistemas	Tecnicos de Peajes	Dock Sud	Politica del SGI	Capacitaciones SGI	Capacitación Realizada		8	19/06/2025
22/05/2025		DOMINGUEZ RODRIGO	Gerencia de Sistemas	Tecnicos de Peajes	Hudson	Induccion SHE	Seguridad e Higiene	Capacitación Realizada		10	28/05/2025
23/05/2025		DOMINGUEZ RODRIGO	Gerencia de Sistemas	Tecnicos de Peajes	Hudson	Introduccion SGI	Capacitaciones SGI	Capacitación Realizada		8	02/06/2025
23/05/2025		DOMINGUEZ RODRIGO	Gerencia de Sistemas	Tecnicos de Peajes	Hudson	Politica del SGI	Capacitaciones SGI	Capacitación Realizada		10	02/06/2025
22/05/2025		CASTIÑEIRA GABRIEL	Gerencia de Sistemas	Tecnicos de Peajes	Berazategui	Induccion SHE	Seguridad e Higiene	Capacitación Realizada		10	28/05/2025
23/05/2025		CASTIÑEIRA GABRIEL	Gerencia de Sistemas	Tecnicos de Peajes	Berazategui	Introduccion SGI	Capacitaciones SGI	Capacitación Realizada		10	28/05/2025
23/05/2025		CASTIÑEIRA GABRIEL	Gerencia de Sistemas	Tecnicos de Peajes	Berazategui	Politica del SGI	Capacitaciones SGI	Capacitación Realizada		10	28/05/2025
22/05/2025		LUGO RAUL	Gerencia de Sistemas	Tecnicos de Peajes	Berazategui	Induccion SHE	Seguridad e Higiene	Capacitación Realizada		10	28/05/2025
23/05/2025		LUGO RAUL	Gerencia de Sistemas	Tecnicos de Peajes	Berazategui	Introduccion SGI	Capacitaciones SGI	Capacitación Realizada		10	29/05/2025
23/05/2025		LUGO RAUL	Gerencia de Sistemas	Tecnicos de Peajes	Berazategui	Politica del SGI	Capacitaciones SGI	Capacitación Realizada		8	29/05/2025
22/05/2025		MARTIN FERNANDO	Gerencia de Sistemas	Tecnicos de Peajes	Berazategui	Induccion SHE	Seguridad e Higiene	Capacitación Realizada		10	03/07/2025
23/05/2025		MARTIN FERNANDO	Gerencia de Sistemas	Tecnicos de Peajes	Berazategui	Introduccion SGI	Capacitaciones SGI	Capacitación Realizada		8	03/07/2025
23/05/2025		MARTIN FERNANDO	Gerencia de Sistemas	Tecnicos de Peajes	Berazategui	Politica del SGI	Capacitaciones SGI	Capacitación Realizada		8	03/07/2025
22/05/2025		VERDINELLI DIEGO	Gerencia de Sistemas	Tecnicos de Peajes	Berazategui	Induccion SHE	Seguridad e Higiene	Capacitación Realizada		10	31/05/2025
23/05/2025		VERDINELLI DIEGO	Gerencia de Sistemas	Tecnicos de Peajes	Berazategui	Introduccion SGI	Capacitaciones SGI	Capacitación Realizada		8	31/05/2025
23/05/2025		VERDINELLI DIEGO	Gerencia de Sistemas	Tecnicos de Peajes	Berazategui	Politica del SGI	Capacitaciones SGI	Capacitación Realizada		10	31/05/2025
22/05/2025		SOLER GUSTAVO	Gerencia de Sistemas	Tecnicos de Peajes	Hudson	Induccion SHE	Seguridad e Higiene	Capacitación Realizada		10	28/05/2025
23/05/2025		SOLER GUSTAVO	Gerencia de Sistemas	Tecnicos de Peajes	Hudson	Introduccion SGI	Capacitaciones SGI	Capacitación Realizada		10	28/05/2025
23/05/2025		SOLER GUSTAVO	Gerencia de Sistemas	Tecnicos de Peajes	Hudson	Politica del SGI	Capacitaciones SGI	Capacitación Realizada		10	28/05/2025
22/05/2025		LOBO MAXIMILIANO	Gerencia de Sistemas	Tecnicos de Peajes	Hudson	Induccion SHE	Seguridad e Higiene	Capacitación Realizada		8	28/05/2025
23/05/2025		LOBO MAXIMILIANO	Gerencia de Sistemas	Tecnicos de Peajes	Hudson	Introduccion SGI	Capacitaciones SGI	Capacitación Realizada		10	28/05/2025
23/05/2025		LOBO MAXIMILIANO	Gerencia de Sistemas	Tecnicos de Peajes	Hudson	Politica del SGI	Capacitaciones SGI	Capacitación Realizada		8	28/05/2025
22/05/2025		PALACIOS SEBASTIAN	Gerencia de Sistemas	Tecnicos de Peajes	Hudson	Induccion SHE	Seguridad e Higiene	Capacitación Realizada		10	02/06/2025
23/05/2025		PALACIOS SEBASTIAN	Gerencia de Sistemas	Tecnicos de Peajes	Hudson	Introduccion SGI	Capacitaciones SGI	Capacitación Realizada		10	02/06/2025
23/05/2025		PALACIOS SEBASTIAN	Gerencia de Sistemas	Tecnicos de Peajes	Hudson	Politica del SGI	Capacitaciones SGI	Capacitación Realizada		8	02/06/2025
23/05/2025		SANCHEZ SEBASTIAN	Gerencia de Sistemas	Tecnicos de Peajes	Dock Sud	Introduccion SGI	Capacitaciones SGI	Capacitación Realizada		8	03/06/2025
23/05/2025		SANCHEZ SEBASTIAN	Gerencia de Sistemas	Tecnicos de Peajes	Dock Sud	Politica del SGI	Capacitaciones SGI	Capacitación Realizada		10	20/06/2025
22/05/2025		CORVALAN DANIEL	Gerencia de Sistemas	Tecnicos de Peajes	Quilmes	Induccion SHE	Seguridad e Higiene	Capacitación Realizada		10	03/06/2025
23/05/2025		CORVALAN DANIEL	Gerencia de Sistemas	Tecnicos de Peajes	Quilmes	Introduccion SGI	Capacitaciones SGI	Capacitación Realizada		8	03/06/2025
23/05/2025		CORVALAN DANIEL	Gerencia de Sistemas	Tecnicos de Peajes	Quilmes	Politica del SGI	Capacitaciones SGI	Capacitación Realizada	04/08/2025	6	23/06/2025
22/05/2025		PATIÑO NELSON	Gerencia de Sistemas	Tecnicos de Peajes	Quilmes	Induccion SHE	Seguridad e Higiene	Capacitación Realizada		10	03/06/2025
23/05/2025		PATIÑO NELSON	Gerencia de Sistemas	Tecnicos de Peajes	Quilmes	Introduccion SGI	Capacitaciones SGI	Capacitación Realizada		8	03/06/2025
23/05/2025		PATIÑO NELSON	Gerencia de Sistemas	Tecnicos de Peajes	Quilmes	Politica del SGI	Capacitaciones SGI	Capacitación Realizada		10	20/06/2025
22/05/2025		SCHIEBELBEIN MAXIMILIANO	Gerencia de Sistemas	Tecnicos de Peajes	Berazategui	Induccion SHE	Seguridad e Higiene	Capacitación Realizada		10	01/06/2025
23/05/2025		SCHIEBELBEIN MAXIMILIANO	Gerencia de Sistemas	Tecnicos de Peajes	Berazategui	Introduccion SGI	Capacitaciones SGI	Capacitación Realizada		8	01/06/2025
23/05/2025		SCHIEBELBEIN MAXIMILIANO	Gerencia de Sistemas	Tecnicos de Peajes	Berazategui	Politica del SGI	Capacitaciones SGI	Capacitación Realizada		10	01/06/2025
22/05/2025		FERNANDEZ RODRIGO	Gerencia de Sistemas	Tecnicos de Peajes	Berazategui	Induccion SHE	Seguridad e Higiene	Capacitación Realizada		10	01/06/2025
23/05/2025		FERNANDEZ RODRIGO	Gerencia de Sistemas	Tecnicos de Peajes	Berazategui	Introduccion SGI	Capacitaciones SGI	Capacitación Realizada		8	01/06/2025
23/05/2025		FERNANDEZ RODRIGO	Gerencia de Sistemas	Tecnicos de Peajes	Berazategui	Politica del SGI	Capacitaciones SGI	Capacitación Realizada		10	01/06/2025
22/05/2025		ZUCZENIA RAUL	Gerencia de Sistemas	Tecnicos de Peajes	Dock Sud	Induccion SHE	Seguridad e Higiene	Capacitación Realizada		10	02/06/2025
23/05/2025		ZUCZENIA RAUL	Gerencia de Sistemas	Tecnicos de Peajes	Dock Sud	Introduccion SGI	Capacitaciones SGI	Capacitación Realizada		10	23/06/2025
23/05/2025		ZUCZENIA RAUL	Gerencia de Sistemas	Tecnicos de Peajes	Dock Sud	Politica del SGI	Capacitaciones SGI	Capacitación Realizada		8	02/06/2025
22/05/2025		ZICAVO DANIEL	Gerencia de Sistemas	Tecnicos de Peajes	Dock Sud	Induccion SHE	Seguridad e Higiene	Capacitación Realizada		10	02/06/2025
23/05/2025		ZICAVO DANIEL	Gerencia de Sistemas	Tecnicos de Peajes	Dock Sud	Introduccion SGI	Capacitaciones SGI	Capacitación Realizada		10	02/06/2025
23/05/2025		ZICAVO DANIEL	Gerencia de Sistemas	Tecnicos de Peajes	Dock Sud	Politica del SGI	Capacitaciones SGI	Capacitación Realizada		8	02/06/2025
22/05/2025		CARNAHI RODRIGO	Gerencia de Sistemas	Tecnicos de Peajes	Quilmes	Induccion SHE	Seguridad e Higiene	Capacitación Realizada		10	03/06/2025
23/05/2025		CARNAHI RODRIGO	Gerencia de Sistemas	Tecnicos de Peajes	Quilmes	Introduccion SGI	Capacitaciones SGI	Capacitación Realizada		8	03/06/2025
23/05/2025		CARNAHI RODRIGO	Gerencia de Sistemas	Tecnicos de Peajes	Quilmes	Politica del SGI	Capacitaciones SGI	Capacitación Realizada		10	03/06/2025
22/05/2025		GROSMULLER GUILLERMO	Gerencia de Sistemas	Tecnicos de Peajes	Quilmes	Induccion SHE	Seguridad e Higiene	Capacitación Realizada		8	05/06/2025
23/05/2025		GROSMULLER GUILLERMO	Gerencia de Sistemas	Tecnicos de Peajes	Quilmes	Introduccion SGI	Capacitaciones SGI	Capacitación Realizada		8	02/07/2025
23/05/2025		GROSMULLER GUILLERMO	Gerencia de Sistemas	Tecnicos de Peajes	Quilmes	Politica del SGI	Capacitaciones SGI	Capacitación Realizada		8	01/07/2025
22/05/2025		Cherbavaz Fernando	Gerencia de Sistemas	Supervisor de Sistemas	Quilmes	Induccion SHE	Seguridad e Higiene	Capacitación Realizada		10	03/06/2025
23/05/2025		Cherbavaz Fernando	Gerencia de Sistemas	Supervisor de Sistemas	Quilmes	Introduccion SGI	Capacitaciones SGI	Capacitación Realizada		8	03/06/2025
23/05/2025		Cherbavaz Fernando	Gerencia de Sistemas	Supervisor de Sistemas	Quilmes	Politica del SGI	Capacitaciones SGI	Capacitación Realizada		10	03/06/2025
22/05/2025		Garbezza Martin	Gerencia de Sistemas	Supervisor de Sistemas	Quilmes	Induccion SHE	Seguridad e Higiene	Capacitación Realizada		10	28/05/2025
23/05/2025		Garbezza Martin	Gerencia de Sistemas	Supervisor de Sistemas	Quilmes	Introduccion SGI	Capacitaciones SGI	Capacitación Realizada		8	28/05/2025
23/05/2025		Garbezza Martin	Gerencia de Sistemas	Supervisor de Sistemas	Quilmes	Politica del SGI	Capacitaciones SGI	Capacitación Realizada		10	28/05/2025
22/05/2025		Illi Gustavo	Gerencia de Sistemas	Coodinador Tecnico	Berazategui	Induccion SHE	Seguridad e Higiene	Capacitación Realizada		10	03/06/2025
23/05/2025		Illi Gustavo	Gerencia de Sistemas	Coodinador Tecnico	Berazategui	Introduccion SGI	Capacitaciones SGI	Capacitación Realizada		10	13/06/2025
											
23/05/2025		Illi Gustavo	Gerencia de Sistemas	Coodinador Tecnico	Berazategui	Politica del SGI	Capacitaciones SGI	Capacitación Realizada		10	13/06/2025
											
26/05/2025		Miranda Daniel	Gerencia de Sistemas	Tecnicos de Peajes	Dock Sud	Reglamento de Explotacion y del Usuario	Capacitaciones SGI	Capacitación Realizada		10	29/05/2025
26/05/2025		Savarino Andres	Gerencia de Sistemas	Tecnicos de Peajes	Dock Sud	Reglamento de Explotacion y del Usuario	Capacitaciones SGI	Capacitación Realizada		10	02/06/2025
26/05/2025		Alonso Eduardo	Gerencia de Sistemas	Tecnicos de Peajes	Dock Sud	Reglamento de Explotacion y del Usuario	Capacitaciones SGI	Capacitación Realizada		10	03/06/2025
26/05/2025		CABELLO LEANDRO	Gerencia de Sistemas	Tecnicos de Peajes	Dock Sud	Reglamento de Explotacion y del Usuario	Capacitaciones SGI	Capacitación Realizada		10	02/06/2025
26/05/2025		SALINAS GUILLERMO	Gerencia de Sistemas	Tecnicos de Peajes	Quilmes	Reglamento de Explotacion y del Usuario	Capacitaciones SGI	Capacitación Realizada		10	19/06/2025
26/05/2025		LELIO EMANUEL	Gerencia de Sistemas	Tecnicos de Peajes	Quilmes	Reglamento de Explotacion y del Usuario	Capacitaciones SGI	Capacitación Realizada		8	03/06/2025
26/05/2025		Juarez Juan	Gerencia de Sistemas	Tecnicos de Peajes	Quilmes	Reglamento de Explotacion y del Usuario	Capacitaciones SGI	Capacitación Realizada		10	28/05/2025
26/05/2025		ANNACONDIA LUCIANO	Gerencia de Sistemas	Tecnicos de Peajes	Quilmes	Reglamento de Explotacion y del Usuario	Capacitaciones SGI	Capacitación Realizada		8	28/05/2025
26/05/2025		BARON JULIO	Gerencia de Sistemas	Tecnicos de Peajes	Hudson	Reglamento de Explotacion y del Usuario	Capacitaciones SGI	Capacitación Realizada		10	02/06/2025
26/05/2025		MCNAMARA GUSTAVO	Gerencia de Sistemas	Tecnicos de Peajes	Hudson	Reglamento de Explotacion y del Usuario	Capacitaciones SGI	Capacitación Realizada		10	02/06/2025
26/05/2025		RAUL CORVALAN	Gerencia de Sistemas	Tecnicos de Peajes	Dock Sud	Reglamento de Explotacion y del Usuario	Capacitaciones SGI	Capacitación Realizada		10	02/06/2025
26/05/2025		DOMINGUEZ RODRIGO	Gerencia de Sistemas	Tecnicos de Peajes	Hudson	Reglamento de Explotacion y del Usuario	Capacitaciones SGI	Capacitación Realizada		10	02/06/2025
26/05/2025		CASTIÑEIRA GABRIEL	Gerencia de Sistemas	Tecnicos de Peajes	Berazategui	Reglamento de Explotacion y del Usuario	Capacitaciones SGI	Capacitación Realizada		10	28/05/2025
26/05/2025		LUGO RAUL	Gerencia de Sistemas	Tecnicos de Peajes	Berazategui	Reglamento de Explotacion y del Usuario	Capacitaciones SGI	Capacitación Realizada		8	31/05/2025
26/05/2025		VERDINELLI DIEGO	Gerencia de Sistemas	Tecnicos de Peajes	Berazategui	Reglamento de Explotacion y del Usuario	Capacitaciones SGI	Capacitación Realizada		10	01/06/2025
											
26/05/2025		SOLER GUSTAVO	Gerencia de Sistemas	Tecnicos de Peajes	Hudson	Reglamento de Explotacion y del Usuario	Capacitaciones SGI	Capacitación Realizada		8	02/06/2025
26/05/2025		LOBO MAXIMILIANO	Gerencia de Sistemas	Tecnicos de Peajes	Hudson	Reglamento de Explotacion y del Usuario	Capacitaciones SGI	Capacitación Realizada		10	02/06/2025
26/05/2025		PALACIOS SEBASTIAN	Gerencia de Sistemas	Tecnicos de Peajes	Hudson	Reglamento de Explotacion y del Usuario	Capacitaciones SGI	Capacitación Realizada		8	03/06/2025
26/05/2025		SANCHEZ SEBASTIAN	Gerencia de Sistemas	Tecnicos de Peajes	Dock Sud	Reglamento de Explotacion y del Usuario	Capacitaciones SGI	Capacitación Realizada		10	03/06/2025
26/05/2025		CORVALAN DANIEL	Gerencia de Sistemas	Tecnicos de Peajes	Quilmes	Reglamento de Explotacion y del Usuario	Capacitaciones SGI	Capacitación Realizada		10	03/06/2025
26/05/2025		PATIÑO NELSON	Gerencia de Sistemas	Tecnicos de Peajes	Quilmes	Reglamento de Explotacion y del Usuario	Capacitaciones SGI	Capacitación Realizada		10	03/06/2025
26/05/2025		SCHIEBELBEIN MAXIMILIANO	Gerencia de Sistemas	Tecnicos de Peajes	Berazategui	Reglamento de Explotacion y del Usuario	Capacitaciones SGI	Capacitación Realizada		10	01/06/2025
26/05/2025		FERNANDEZ RODRIGO	Gerencia de Sistemas	Tecnicos de Peajes	Berazategui	Reglamento de Explotacion y del Usuario	Capacitaciones SGI	Capacitación Realizada		10	01/06/2025
26/05/2025		ZUCZENIA RAUL	Gerencia de Sistemas	Tecnicos de Peajes	Dock Sud	Reglamento de Explotacion y del Usuario	Capacitaciones SGI	Capacitación Realizada		10	02/06/2025
26/05/2025		ZICAVO DANIEL	Gerencia de Sistemas	Tecnicos de Peajes	Dock Sud	Reglamento de Explotacion y del Usuario	Capacitaciones SGI	Capacitación Realizada		8	02/06/2025
26/05/2025		CARNAHI RODRIGO	Gerencia de Sistemas	Tecnicos de Peajes	Quilmes	Reglamento de Explotacion y del Usuario	Capacitaciones SGI	Capacitación Realizada		10	03/06/2025
26/05/2025		GROSMULLER GUILLERMO	Gerencia de Sistemas	Tecnicos de Peajes	Quilmes	Reglamento de Explotacion y del Usuario	Capacitaciones SGI	Capacitación Realizada		8	01/07/2025
26/05/2025		Cherbavaz Fernando	Gerencia de Sistemas	Supervisor de Sistemas	Quilmes	Reglamento de Explotacion y del Usuario	Capacitaciones SGI	Capacitación Realizada		10	03/06/2025
26/05/2025		Garbezza Martin	Gerencia de Sistemas	Supervisor de Sistemas	Quilmes	Reglamento de Explotacion y del Usuario	Capacitaciones SGI	Capacitación Realizada		8	02/06/2025
26/05/2025		Illi Gustavo	Gerencia de Sistemas	Coodinador Tecnico	Berazategui	Reglamento de Explotacion y del Usuario	Capacitaciones SGI	Capacitación Realizada		8	04/06/2025
13/06/2025		Miranda Daniel	Gerencia de Sistemas	Tecnicos de Peajes	Dock Sud	ITAU 04/05 Gestión de Seguridad Vial	Seguridad e Higiene	Capacitación Realizada		10	24/06/2025
13/06/2025		Savarino Andres	Gerencia de Sistemas	Tecnicos de Peajes	Dock Sud	ITAU 04/05 Gestión de Seguridad Vial	Seguridad e Higiene	Capacitación Realizada		10	24/06/2025
13/06/2025		Alonso Eduardo	Gerencia de Sistemas	Tecnicos de Peajes	Dock Sud	ITAU 04/05 Gestión de Seguridad Vial	Seguridad e Higiene	Capacitación Realizada		10	24/06/2025
13/06/2025		SALINAS GUILLERMO	Gerencia de Sistemas	Tecnicos de Peajes	Quilmes	ITAU 04/05 Gestión de Seguridad Vial	Seguridad e Higiene	Capacitación Realizada		10	26/06/2025
13/06/2025		LELIO EMANUEL	Gerencia de Sistemas	Tecnicos de Peajes	Quilmes	ITAU 04/05 Gestión de Seguridad Vial	Seguridad e Higiene	Capacitación Realizada		10	26/06/2025
13/06/2025		Juarez Juan	Gerencia de Sistemas	Tecnicos de Peajes	Quilmes	ITAU 04/05 Gestión de Seguridad Vial	Seguridad e Higiene	Capacitación Realizada		10	24/06/2025
13/06/2025		ANNACONDIA LUCIANO	Gerencia de Sistemas	Tecnicos de Peajes	Quilmes	ITAU 04/05 Gestión de Seguridad Vial	Seguridad e Higiene	Capacitación Realizada		10	27/06/2025
13/06/2025		BARON JULIO	Gerencia de Sistemas	Tecnicos de Peajes	Hudson	ITAU 04/05 Gestión de Seguridad Vial	Seguridad e Higiene	Capacitación Realizada		10	24/06/2025
13/06/2025		MCNAMARA GUSTAVO	Gerencia de Sistemas	Tecnicos de Peajes	Hudson	ITAU 04/05 Gestión de Seguridad Vial	Seguridad e Higiene	Capacitación Realizada		10	25/06/2025
13/06/2025		RAUL CORVALAN	Gerencia de Sistemas	Tecnicos de Peajes	Dock Sud	ITAU 04/05 Gestión de Seguridad Vial	Seguridad e Higiene	Capacitación Realizada		10	24/06/2025
13/06/2025		DOMINGUEZ RODRIGO	Gerencia de Sistemas	Tecnicos de Peajes	Hudson	ITAU 04/05 Gestión de Seguridad Vial	Seguridad e Higiene	Capacitación Realizada		10	27/06/2025
13/06/2025		CASTIÑEIRA GABRIEL	Gerencia de Sistemas	Tecnicos de Peajes	Berazategui	ITAU 04/05 Gestión de Seguridad Vial	Seguridad e Higiene	Capacitación Realizada		10	26/06/2025
13/06/2025		LUGO RAUL	Gerencia de Sistemas	Tecnicos de Peajes	Berazategui	ITAU 04/05 Gestión de Seguridad Vial	Seguridad e Higiene	Capacitación Realizada		10	24/06/2025
											
13/06/2025		VERDINELLI DIEGO	Gerencia de Sistemas	Tecnicos de Peajes	Berazategui	ITAU 04/05 Gestión de Seguridad Vial	Seguridad e Higiene	Capacitación Realizada		10	26/06/2025
13/06/2025		SOLER GUSTAVO	Gerencia de Sistemas	Tecnicos de Peajes	Hudson	ITAU 04/05 Gestión de Seguridad Vial	Seguridad e Higiene	Capacitación Realizada		10	27/06/2025
13/06/2025		LOBO MAXIMILIANO	Gerencia de Sistemas	Tecnicos de Peajes	Hudson	ITAU 04/05 Gestión de Seguridad Vial	Seguridad e Higiene	Capacitación Realizada		10	24/06/2025
13/06/2025		PALACIOS SEBASTIAN	Gerencia de Sistemas	Tecnicos de Peajes	Hudson	ITAU 04/05 Gestión de Seguridad Vial	Seguridad e Higiene	Capacitación Realizada		10	25/06/2025
13/06/2025		SANCHEZ SEBASTIAN	Gerencia de Sistemas	Tecnicos de Peajes	Dock Sud	ITAU 04/05 Gestión de Seguridad Vial	Seguridad e Higiene	Capacitación Realizada		10	25/06/2025
13/06/2025		CORVALAN DANIEL	Gerencia de Sistemas	Tecnicos de Peajes	Quilmes	ITAU 04/05 Gestión de Seguridad Vial	Seguridad e Higiene	Capacitación Realizada		10	24/06/2025
13/06/2025		PATIÑO NELSON	Gerencia de Sistemas	Tecnicos de Peajes	Quilmes	ITAU 04/05 Gestión de Seguridad Vial	Seguridad e Higiene	Capacitación Realizada		10	24/06/2025
13/06/2025		SCHIEBELBEIN MAXIMILIANO	Gerencia de Sistemas	Tecnicos de Peajes	Berazategui	ITAU 04/05 Gestión de Seguridad Vial	Seguridad e Higiene	Capacitación Realizada		10	26/06/2025
13/06/2025		FERNANDEZ RODRIGO	Gerencia de Sistemas	Tecnicos de Peajes	Berazategui	ITAU 04/05 Gestión de Seguridad Vial	Seguridad e Higiene	Capacitación Realizada		10	26/06/2025
13/06/2025		ZUCZENIA RAUL	Gerencia de Sistemas	Tecnicos de Peajes	Dock Sud	ITAU 04/05 Gestión de Seguridad Vial	Seguridad e Higiene	Capacitación Realizada		10	25/06/2025
13/06/2025		ZICAVO DANIEL	Gerencia de Sistemas	Tecnicos de Peajes	Dock Sud	ITAU 04/05 Gestión de Seguridad Vial	Seguridad e Higiene	Capacitación Realizada		10	25/06/2025
											
13/06/2025		CARNAHI RODRIGO	Gerencia de Sistemas	Tecnicos de Peajes	Quilmes	ITAU 04/05 Gestión de Seguridad Vial	Seguridad e Higiene	Capacitación Realizada		10	30/06/2025
13/06/2025		Cherbavaz Fernando	Gerencia de Sistemas	Supervisor de Sistemas	Quilmes	ITAU 04/05 Gestión de Seguridad Vial	Seguridad e Higiene	Capacitación Realizada		10	24/06/2025
13/06/2025		Garbezza Martin	Gerencia de Sistemas	Supervisor de Sistemas	Quilmes	ITAU 04/05 Gestión de Seguridad Vial	Seguridad e Higiene	Capacitación Realizada		10	25/06/2025
13/06/2025		Illi Gustavo	Gerencia de Sistemas	Coodinador Tecnico	Berazategui	ITAU 04/05 Gestión de Seguridad Vial	Seguridad e Higiene	Capacitación Realizada		10	24/06/2025
13/06/2025		Illi Gustavo	Gerencia de Sistemas	Coodinador Tecnico	Berazategui	Gestion de Riesgos y Oportunidades	Capacitaciones SGI	Capacitación Realizada		10	13/06/2025
13/06/2025		Garbezza Martin	Gerencia de Sistemas	Supervisor de Sistemas	Quilmes	Gestion de Riesgos y Oportunidades	Capacitaciones SGI	Capacitación Realizada		8	02/06/2025
13/06/2025		Cherbavaz Fernando	Gerencia de Sistemas	Supervisor de Sistemas	Quilmes	Gestion de Riesgos y Oportunidades	Capacitaciones SGI	Capacitación Realizada		8	03/06/2025
13/06/2025		CARNAHI RODRIGO	Gerencia de Sistemas	Tecnicos de Peajes	Quilmes	Gestion de Riesgos y Oportunidades	Capacitaciones SGI	Capacitación Realizada		10	03/06/2025
13/06/2025		GROSMULLER GUILLERMO	Gerencia de Sistemas	Tecnicos de Peajes	Quilmes	Gestion de Riesgos y Oportunidades	Capacitaciones SGI	Capacitación Realizada		8	01/07/2025
13/06/2025		ZUCZENIA RAUL	Gerencia de Sistemas	Tecnicos de Peajes	Dock Sud	Gestion de Riesgos y Oportunidades	Seguridad e Higiene	Capacitación Realizada		10	23/06/2025
13/06/2025		ZICAVO DANIEL	Gerencia de Sistemas	Tecnicos de Peajes	Dock Sud	Gestion de Riesgos y Oportunidades	Capacitaciones SGI	Capacitación Realizada		10	23/06/2025
13/06/2025		FERNANDEZ RODRIGO	Gerencia de Sistemas	Tecnicos de Peajes	Berazategui	Gestion de Riesgos y Oportunidades	Capacitaciones SGI	Capacitación Realizada		8	01/06/2025
13/06/2025		SCHIEBELBEIN MAXIMILIANO	Gerencia de Sistemas	Tecnicos de Peajes	Berazategui	Gestion de Riesgos y Oportunidades	Capacitaciones SGI	Capacitación Realizada		8	01/06/2025
13/06/2025		CORVALAN DANIEL	Gerencia de Sistemas	Tecnicos de Peajes	Quilmes	Gestion de Riesgos y Oportunidades	Capacitaciones SGI	Capacitación Realizada		10	03/06/2025
13/06/2025		PATIÑO NELSON	Gerencia de Sistemas	Tecnicos de Peajes	Quilmes	Gestion de Riesgos y Oportunidades	Capacitaciones SGI	Capacitación Realizada		10	03/06/2025
13/06/2025		SANCHEZ SEBASTIAN	Gerencia de Sistemas	Tecnicos de Peajes	Dock Sud	Gestion de Riesgos y Oportunidades	Capacitaciones SGI	Capacitación Realizada		10	25/06/2025
13/06/2025		Miranda Daniel	Gerencia de Sistemas	Tecnicos de Peajes	Dock Sud	Gestion de Riesgos y Oportunidades	Capacitaciones SGI	Capacitación Realizada		10	30/05/2025
13/06/2025		Savarino Andres	Gerencia de Sistemas	Tecnicos de Peajes	Dock Sud	Gestion de Riesgos y Oportunidades	Capacitaciones SGI	Capacitación Realizada		10	02/06/2025
13/06/2025		Alonso Eduardo	Gerencia de Sistemas	Tecnicos de Peajes	Dock Sud	Gestion de Riesgos y Oportunidades	Capacitaciones SGI	Capacitación Realizada		8	03/06/2025
13/06/2025		CABELLO LEANDRO	Gerencia de Sistemas	Tecnicos de Peajes	Dock Sud	Gestion de Riesgos y Oportunidades	Capacitaciones SGI	Capacitación Realizada		8	02/06/2025
13/06/2025		SALINAS GUILLERMO	Gerencia de Sistemas	Tecnicos de Peajes	Quilmes	Gestion de Riesgos y Oportunidades	Capacitaciones SGI	Capacitación Realizada		10	03/06/2025
13/06/2025		LELIO EMANUEL	Gerencia de Sistemas	Tecnicos de Peajes	Quilmes	Gestion de Riesgos y Oportunidades	Capacitaciones SGI	Capacitación Realizada		10	03/06/2025
13/06/2025		Juarez Juan	Gerencia de Sistemas	Tecnicos de Peajes	Quilmes	Gestion de Riesgos y Oportunidades	Capacitaciones SGI	Capacitación Realizada		10	28/05/2025
13/06/2025		ANNACONDIA LUCIANO	Gerencia de Sistemas	Tecnicos de Peajes	Quilmes	Gestion de Riesgos y Oportunidades	Capacitaciones SGI	Capacitación Realizada		8	28/05/2025
13/06/2025		CASTIÑEIRA GABRIEL	Gerencia de Sistemas	Tecnicos de Peajes	Berazategui	Gestion de Riesgos y Oportunidades	Capacitaciones SGI	Capacitación Realizada		10	28/05/2025
13/06/2025		LUGO RAUL	Gerencia de Sistemas	Tecnicos de Peajes	Berazategui	Gestion de Riesgos y Oportunidades	Capacitaciones SGI	Capacitación Realizada		8	29/05/2025
											
13/06/2025		VERDINELLI DIEGO	Gerencia de Sistemas	Tecnicos de Peajes	Berazategui	Gestion de Riesgos y Oportunidades	Capacitaciones SGI	Capacitación Realizada		8	31/05/2025
13/06/2025		DOMINGUEZ RODRIGO	Gerencia de Sistemas	Tecnicos de Peajes	Hudson	Gestion de Riesgos y Oportunidades	Capacitaciones SGI	Capacitación Realizada		10	02/06/2025
13/06/2025		BARON JULIO	Gerencia de Sistemas	Tecnicos de Peajes	Hudson	Gestion de Riesgos y Oportunidades	Capacitaciones SGI	Capacitación Realizada		10	02/06/2025
13/06/2025		MCNAMARA GUSTAVO	Gerencia de Sistemas	Tecnicos de Peajes	Hudson	Gestion de Riesgos y Oportunidades	Capacitaciones SGI	Capacitación Realizada		10	02/06/2025
13/06/2025		RAUL CORVALAN	Gerencia de Sistemas	Tecnicos de Peajes	Dock Sud	Gestion de Riesgos y Oportunidades	Capacitaciones SGI	Capacitación Realizada		10	02/06/2025
13/06/2025		SOLER GUSTAVO	Gerencia de Sistemas	Tecnicos de Peajes	Hudson	Gestion de Riesgos y Oportunidades	Capacitaciones SGI	Capacitación Realizada		10	02/06/2025
13/06/2025		LOBO MAXIMILIANO	Gerencia de Sistemas	Tecnicos de Peajes	Hudson	Gestion de Riesgos y Oportunidades	Capacitaciones SGI	Capacitación Realizada		10	02/06/2025
13/06/2025		PALACIOS SEBASTIAN	Gerencia de Sistemas	Tecnicos de Peajes	Hudson	Gestion de Riesgos y Oportunidades	Capacitaciones SGI	Capacitación Realizada	04/08/2025	6	02/06/2025
											
											
											
											
											
											
											
											
											
											
											
											
											
											
											
											
											
											
											
											
											
											
											
											
											
											
											
											
											
											
											
22/05/2025		Perez Mac Donald Ariel	Gerencia de Sistemas	Jefe de Sistemas	Berazategui	Induccion SHE	Seguridad e Higiene	Capacitación Realizada		10	27/05/2025
23/05/2025		Perez Mac Donald Ariel	Gerencia de Sistemas	Jefe de Sistemas	Berazategui	Introduccion SGI	Capacitaciones SGI	Capacitación Realizada		10	27/05/2025
23/05/2025		Perez Mac Donald Ariel	Gerencia de Sistemas	Jefe de Sistemas	Berazategui	Politica del SGI	Capacitaciones SGI	Capacitación Realizada		10	26/05/2025
26/05/2025		Perez Mac Donald Ariel	Gerencia de Sistemas	Jefe de Sistemas	Berazategui	Reglamento de Explotacion y del Usuario	Capacitaciones SGI	Capacitación Realizada		10	27/05/2025
13/06/2025		Perez Mac Donald Ariel	Gerencia de Sistemas	Jefe de Sistemas	Berazategui	ITAU 04/05 Gestión de Seguridad Vial	Seguridad e Higiene	Capacitación Realizada		10	17/06/2025
13/06/2025		Perez Mac Donald Ariel	Gerencia de Sistemas	Jefe de Sistemas	Berazategui	Gestion de Riesgos y Oportunidades	Capacitaciones SGI	Capacitación Realizada		8	27/05/2025
											
											
17/11/2025	40119	Perez Mac Donald Ariel	Gerencia de Sistemas	Jefe de Sistemas	Berazategui	Matriz legal	Capacitaciones SGI	Capacitación Realizada		10	18/11/2025
17/11/2025	10975	Cherbavaz Fernando	Gerencia de Sistemas	Supervisor de Sistemas	Quilmes	Matriz legal	Capacitaciones SGI	Capacitación Realizada		10	18/11/2025
17/11/2025	11081	Garbezza Martin	Gerencia de Sistemas	Supervisor de Sistemas	Quilmes	Matriz legal	Capacitaciones SGI	Capacitación Realizada		10	18/11/2025
17/11/2025	11041	Illi Gustavo	Gerencia de Sistemas	Coodinador Tecnico	Berazategui	Matriz legal	Capacitaciones SGI	Capacitación Realizada		10	18/11/2025
17/11/2025	40082	Benitez Emmanuel	Gerencia de Sistemas	Jefe de Operaciones	Hudson	Matriz legal	Capacitaciones SGI	Capacitación Realizada		10	25/11/2025
											
20/05/2026	11010	Miranda Daniel	Gerencia de Sistemas	Tecnicos de Peajes	Dock Sud	Introduccion SGI	Capacitaciones SGI	Capacitación Realizada		10	11/05/2026
20/05/2026	11010	Miranda Daniel	Gerencia de Sistemas	Tecnicos de Peajes	Dock Sud	Politica del SGI	Capacitaciones SGI	Capacitación Realizada		10	11/05/2026
26/05/2026	11010	Miranda Daniel	Gerencia de Sistemas	Tecnicos de Peajes	Dock Sud	Reglamento de Explotacion y del Usuario	Capacitaciones SGI	Capacitacion Realizada	2026-07-03	10	2026-06-08
09/06/2026	11010	Miranda Daniel	Gerencia de Sistemas	Tecnicos de Peajes	Dock Sud	ITAU 04/05 Gestión de Seguridad Vial	Seguridad e Higiene	Capacitación Programada			
09/06/2026	11010	Miranda Daniel	Gerencia de Sistemas	Tecnicos de Peajes	Dock Sud	Gestion de Riesgos y Oportunidades	Capacitaciones SGI	Capacitación Realizada		10	11/05/2026
06/08/2026	11010	Miranda Daniel	Gerencia de Sistemas	Tecnicos de Peajes	Dock Sud	Anexo 6 Mantenimiento Sistemas 	Propia del Puesto	Capacitación Programada			
16/06/2026	11010	Miranda Daniel	Gerencia de Sistemas	Tecnicos de Peajes	Dock Sud	Riesgo Electrico	Seguridad e Higiene	Capacitacion Realizada		10	2026-05-29
											
20/05/2026	12515	Savarino Andres	Gerencia de Sistemas	Tecnicos de Peajes	Dock Sud	Introduccion SGI	Capacitaciones SGI	Capacitación Realizada		10	08/05/2026
20/05/2026	12515	Savarino Andres	Gerencia de Sistemas	Tecnicos de Peajes	Dock Sud	Politica del SGI	Capacitaciones SGI	Capacitación Realizada		10	08/05/2026
26/05/2026	12515	Savarino Andres	Gerencia de Sistemas	Tecnicos de Peajes	Dock Sud	Reglamento de Explotacion y del Usuario	Capacitaciones SGI	Capacitacion Realizada	2026-07-03	10	2026-06-08
09/06/2026	12515	Savarino Andres	Gerencia de Sistemas	Tecnicos de Peajes	Dock Sud	ITAU 04/05 Gestión de Seguridad Vial	Seguridad e Higiene	Capacitación Programada			
09/06/2026	12515	Savarino Andres	Gerencia de Sistemas	Tecnicos de Peajes	Dock Sud	Gestion de Riesgos y Oportunidades	Capacitaciones SGI	Capacitación Realizada		10	08/05/2026
16/06/2026	12515	Savarino Andres	Gerencia de Sistemas	Tecnicos de Peajes	Dock Sud	Riesgo Electrico	Seguridad e Higiene	Capacitacion Realizada		10	2026-05-29
06/08/2026	12515	Savarino Andres	Gerencia de Sistemas	Tecnicos de Peajes	Dock Sud	Anexo 6 Mantenimiento Sistemas 	Propia del Puesto	Capacitación Programada			
											
20/05/2026	12797	RAUL CORVALAN	Gerencia de Sistemas	Tecnicos de Peajes	Dock Sud	Introduccion SGI	Capacitaciones SGI	Capacitación Realizada		10	08/05/2026
20/05/2026	12797	RAUL CORVALAN	Gerencia de Sistemas	Tecnicos de Peajes	Dock Sud	Politica del SGI	Capacitaciones SGI	Capacitación Realizada		10	08/05/2026
26/05/2026	12797	RAUL CORVALAN	Gerencia de Sistemas	Tecnicos de Peajes	Dock Sud	Reglamento de Explotacion y del Usuario	Capacitaciones SGI	Capacitacion Realizada	2026-07-03	10	2026-06-08
09/06/2026	12797	RAUL CORVALAN	Gerencia de Sistemas	Tecnicos de Peajes	Dock Sud	ITAU 04/05 Gestión de Seguridad Vial	Seguridad e Higiene	Capacitación Programada			
09/06/2026	12797	RAUL CORVALAN	Gerencia de Sistemas	Tecnicos de Peajes	Dock Sud	Gestion de Riesgos y Oportunidades	Capacitaciones SGI	Capacitación Realizada		10	08/05/2026
16/06/2026	12797	RAUL CORVALAN	Gerencia de Sistemas	Tecnicos de Peajes	Dock Sud	Riesgo Electrico	Seguridad e Higiene	Capacitacion Realizada		10	2026-05-29
06/08/2026	12797	RAUL CORVALAN	Gerencia de Sistemas	Tecnicos de Peajes	Dock Sud	Anexo 6 Mantenimiento Sistemas 	Propia del Puesto	Capacitación Programada			
											
20/05/2026	10982	Alonso Eduardo	Gerencia de Sistemas	Tecnicos de Peajes	Dock Sud	Introduccion SGI	Capacitaciones SGI	Capacitación Realizada		8	12/05/2026
20/05/2026	10982	Alonso Eduardo	Gerencia de Sistemas	Tecnicos de Peajes	Dock Sud	Politica del SGI	Capacitaciones SGI	Capacitación Realizada		10	12/05/2026
26/05/2026	10982	Alonso Eduardo	Gerencia de Sistemas	Tecnicos de Peajes	Dock Sud	Reglamento de Explotacion y del Usuario	Capacitaciones SGI	Capacitacion Realizada	2026-07-03	10	2026-07-02
09/06/2026	10982	Alonso Eduardo	Gerencia de Sistemas	Tecnicos de Peajes	Dock Sud	ITAU 04/05 Gestión de Seguridad Vial	Seguridad e Higiene	Capacitación Programada			
09/06/2026	10982	Alonso Eduardo	Gerencia de Sistemas	Tecnicos de Peajes	Dock Sud	Gestion de Riesgos y Oportunidades	Capacitaciones SGI	Capacitación Realizada		10	12/05/2026
16/06/2026	10982	Alonso Eduardo	Gerencia de Sistemas	Tecnicos de Peajes	Dock Sud	Riesgo Electrico	Seguridad e Higiene	Capacitación Programada			
06/08/2026	10982	Alonso Eduardo	Gerencia de Sistemas	Tecnicos de Peajes	Dock Sud	Anexo 6 Mantenimiento Sistemas 	Propia del Puesto	Capacitación Programada			
											
20/05/2026	12796	CABELLO LEANDRO	Gerencia de Sistemas	Tecnicos de Peajes	Dock Sud	Introduccion SGI	Capacitaciones SGI	Capacitación Realizada		8	12/05/2026
20/05/2026	12796	CABELLO LEANDRO	Gerencia de Sistemas	Tecnicos de Peajes	Dock Sud	Politica del SGI	Capacitaciones SGI	Capacitación Realizada		10	12/05/2026
26/05/2026	12796	CABELLO LEANDRO	Gerencia de Sistemas	Tecnicos de Peajes	Dock Sud	Reglamento de Explotacion y del Usuario	Capacitaciones SGI	Capacitacion Realizada	2026-07-03	10	2026-07-01
09/06/2026	12796	CABELLO LEANDRO	Gerencia de Sistemas	Tecnicos de Peajes	Dock Sud	ITAU 04/05 Gestión de Seguridad Vial	Seguridad e Higiene	Capacitación Programada			
09/06/2026	12796	CABELLO LEANDRO	Gerencia de Sistemas	Tecnicos de Peajes	Dock Sud	Gestion de Riesgos y Oportunidades	Capacitaciones SGI	Capacitación Realizada		8	12/05/2026
16/06/2026	12796	CABELLO LEANDRO	Gerencia de Sistemas	Tecnicos de Peajes	Dock Sud	Riesgo Electrico	Seguridad e Higiene	Capacitación Programada			
06/08/2026	12796	CABELLO LEANDRO	Gerencia de Sistemas	Tecnicos de Peajes	Dock Sud	Anexo 6 Mantenimiento Sistemas 	Propia del Puesto	Capacitación Programada			
20/05/2026	11522	SANCHEZ SEBASTIAN	Gerencia de Sistemas	Tecnicos de Peajes	Dock Sud	Introduccion SGI	Capacitaciones SGI	Capacitación Realizada		10	2026-05-28
20/05/2026	11522	SANCHEZ SEBASTIAN	Gerencia de Sistemas	Tecnicos de Peajes	Dock Sud	Politica del SGI	Capacitaciones SGI	Capacitación Realizada		8	2026-05-26
26/05/2026	11522	SANCHEZ SEBASTIAN	Gerencia de Sistemas	Tecnicos de Peajes	Dock Sud	Reglamento de Explotacion y del Usuario	Capacitaciones SGI	Capacitacion Reprogramada	2026-07-03		
09/06/2026	11522	SANCHEZ SEBASTIAN	Gerencia de Sistemas	Tecnicos de Peajes	Dock Sud	ITAU 04/05 Gestión de Seguridad Vial	Seguridad e Higiene	Capacitación Programada			
09/06/2026	11522	SANCHEZ SEBASTIAN	Gerencia de Sistemas	Tecnicos de Peajes	Dock Sud	Gestion de Riesgos y Oportunidades	Capacitaciones SGI	Capacitación Programada			
16/06/2026	11522	SANCHEZ SEBASTIAN	Gerencia de Sistemas	Tecnicos de Peajes	Dock Sud	Riesgo Electrico	Seguridad e Higiene	Capacitacion Realizada		10	2026-05-29
06/08/2026	11522	SANCHEZ SEBASTIAN	Gerencia de Sistemas	Tecnicos de Peajes	Dock Sud	Anexo 6 Mantenimiento Sistemas 	Propia del Puesto	Capacitación Programada			
											
20/05/2026	10734	SALINAS GUILLERMO	Gerencia de Sistemas	Tecnicos de Peajes	Quilmes	Introduccion SGI	Capacitaciones SGI	Capacitación Realizada		10	11/05/2026
20/05/2026	10734	SALINAS GUILLERMO	Gerencia de Sistemas	Tecnicos de Peajes	Quilmes	Politica del SGI	Capacitaciones SGI	Capacitación Realizada		10	11/05/2026
26/05/2026	10734	SALINAS GUILLERMO	Gerencia de Sistemas	Tecnicos de Peajes	Quilmes	Reglamento de Explotacion y del Usuario	Capacitaciones SGI	Capacitacion Realizada	2026-07-03	9	2026-06-08
09/06/2026	10734	SALINAS GUILLERMO	Gerencia de Sistemas	Tecnicos de Peajes	Quilmes	ITAU 04/05 Gestión de Seguridad Vial	Seguridad e Higiene	Capacitación Programada			
09/06/2026	10734	SALINAS GUILLERMO	Gerencia de Sistemas	Tecnicos de Peajes	Quilmes	Gestion de Riesgos y Oportunidades	Capacitaciones SGI	Capacitación Realizada		8	11/05/2026
16/06/2026	10734	SALINAS GUILLERMO	Gerencia de Sistemas	Tecnicos de Peajes	Quilmes	Riesgo Electrico	Seguridad e Higiene	Capacitacion Realizada		9	2026-06-01
06/08/2026	10734	SALINAS GUILLERMO	Gerencia de Sistemas	Tecnicos de Peajes	Quilmes	Anexo 6 Mantenimiento Sistemas 	Propia del Puesto	Capacitación Programada			
											
20/05/2026	12600	LELIO EMANUEL	Gerencia de Sistemas	Tecnicos de Peajes	Quilmes	Introduccion SGI	Capacitaciones SGI	Capacitación Realizada		10	11/05/2026
20/05/2026	12600	LELIO EMANUEL	Gerencia de Sistemas	Tecnicos de Peajes	Quilmes	Politica del SGI	Capacitaciones SGI	Capacitación Realizada		10	11/05/2026
26/05/2026	12600	LELIO EMANUEL	Gerencia de Sistemas	Tecnicos de Peajes	Quilmes	Reglamento de Explotacion y del Usuario	Capacitaciones SGI	Capacitacion Realizada	2026-07-03	10	2026-07-01
09/06/2026	12600	LELIO EMANUEL	Gerencia de Sistemas	Tecnicos de Peajes	Quilmes	ITAU 04/05 Gestión de Seguridad Vial	Seguridad e Higiene	Capacitación Programada			
09/06/2026	12600	LELIO EMANUEL	Gerencia de Sistemas	Tecnicos de Peajes	Quilmes	Gestion de Riesgos y Oportunidades	Capacitaciones SGI	Capacitación Realizada		10	11/05/2026
16/06/2026	12600	LELIO EMANUEL	Gerencia de Sistemas	Tecnicos de Peajes	Quilmes	Riesgo Electrico	Seguridad e Higiene	Capacitacion Realizada		9	2026-05-29
06/08/2026	12600	LELIO EMANUEL	Gerencia de Sistemas	Tecnicos de Peajes	Quilmes	Anexo 6 Mantenimiento Sistemas 	Propia del Puesto	Capacitación Programada			
											
20/05/2026	11400	Juarez Juan	Gerencia de Sistemas	Tecnicos de Peajes	Quilmes	Introduccion SGI	Capacitaciones SGI	Capacitación Realizada		8	2026-05-26
20/05/2026	11400	Juarez Juan	Gerencia de Sistemas	Tecnicos de Peajes	Quilmes	Politica del SGI	Capacitaciones SGI	Capacitación Realizada		10	2026-05-26
26/05/2026	11400	Juarez Juan	Gerencia de Sistemas	Tecnicos de Peajes	Quilmes	Reglamento de Explotacion y del Usuario	Capacitaciones SGI	Capacitacion Realizada	2026-07-03	6	2026-06-18
09/06/2026	11400	Juarez Juan	Gerencia de Sistemas	Tecnicos de Peajes	Quilmes	ITAU 04/05 Gestión de Seguridad Vial	Seguridad e Higiene	Capacitación Programada			
09/06/2026	11400	Juarez Juan	Gerencia de Sistemas	Tecnicos de Peajes	Quilmes	Gestion de Riesgos y Oportunidades	Capacitaciones SGI	Capacitación Realizada	2026-06-23	2	2026-05-26
16/06/2026	11400	Juarez Juan	Gerencia de Sistemas	Tecnicos de Peajes	Quilmes	Riesgo Electrico	Seguridad e Higiene	Capacitacion Realizada		10	2026-05-29
06/08/2026	11400	Juarez Juan	Gerencia de Sistemas	Tecnicos de Peajes	Quilmes	Anexo 6 Mantenimiento Sistemas 	Propia del Puesto	Capacitación Programada			
											
20/05/2026	11773	ANNACONDIA LUCIANO	Gerencia de Sistemas	Tecnicos de Peajes	Quilmes	Introduccion SGI	Capacitaciones SGI	Capacitación Realizada		8	11/05/2026
20/05/2026	11773	ANNACONDIA LUCIANO	Gerencia de Sistemas	Tecnicos de Peajes	Quilmes	Politica del SGI	Capacitaciones SGI	Capacitación Realizada		10	11/05/2026
26/05/2026	11773	ANNACONDIA LUCIANO	Gerencia de Sistemas	Tecnicos de Peajes	Quilmes	Reglamento de Explotacion y del Usuario	Capacitaciones SGI	Capacitacion Realizada	2026-07-03	8	2026-07-02
09/06/2026	11773	ANNACONDIA LUCIANO	Gerencia de Sistemas	Tecnicos de Peajes	Quilmes	ITAU 04/05 Gestión de Seguridad Vial	Seguridad e Higiene	Capacitación Programada			
09/06/2026	11773	ANNACONDIA LUCIANO	Gerencia de Sistemas	Tecnicos de Peajes	Quilmes	Gestion de Riesgos y Oportunidades	Capacitaciones SGI	Capacitación Realizada		6	11/05/2026
16/06/2026	11773	ANNACONDIA LUCIANO	Gerencia de Sistemas	Tecnicos de Peajes	Quilmes	Riesgo Electrico	Seguridad e Higiene	Capacitacion Realizada		10	2026-05-29
06/08/2026	11773	ANNACONDIA LUCIANO	Gerencia de Sistemas	Tecnicos de Peajes	Quilmes	Anexo 6 Mantenimiento Sistemas 	Propia del Puesto	Capacitación Programada			
											
20/05/2026	11868	CORVALAN DANIEL	Gerencia de Sistemas	Tecnicos de Peajes	Quilmes	Introduccion SGI	Capacitaciones SGI	Capacitación Realizada		8	11/05/2026
20/05/2026	11868	CORVALAN DANIEL	Gerencia de Sistemas	Tecnicos de Peajes	Quilmes	Politica del SGI	Capacitaciones SGI	Capacitación Realizada		10	11/05/2026
26/05/2026	11868	CORVALAN DANIEL	Gerencia de Sistemas	Tecnicos de Peajes	Quilmes	Reglamento de Explotacion y del Usuario	Capacitaciones SGI	Capacitacion Realizada	2026-07-03	8	2026-06-08
09/06/2026	11868	CORVALAN DANIEL	Gerencia de Sistemas	Tecnicos de Peajes	Quilmes	ITAU 04/05 Gestión de Seguridad Vial	Seguridad e Higiene	Capacitación Programada			
09/06/2026	11868	CORVALAN DANIEL	Gerencia de Sistemas	Tecnicos de Peajes	Quilmes	Gestion de Riesgos y Oportunidades	Capacitaciones SGI	Capacitación Realizada		8	11/05/2026
16/06/2026	11868	CORVALAN DANIEL	Gerencia de Sistemas	Tecnicos de Peajes	Quilmes	Riesgo Electrico	Seguridad e Higiene	Capacitacion Realizada		10	2026-06-07
06/08/2026	11868	CORVALAN DANIEL	Gerencia de Sistemas	Tecnicos de Peajes	Quilmes	Anexo 6 Mantenimiento Sistemas 	Propia del Puesto	Capacitación Programada			
											
20/05/2026	11858	PATIÑO NELSON	Gerencia de Sistemas	Tecnicos de Peajes	Quilmes	Introduccion SGI	Capacitaciones SGI	Capacitación Realizada		8	12/05/2026
20/05/2026	11858	PATIÑO NELSON	Gerencia de Sistemas	Tecnicos de Peajes	Quilmes	Politica del SGI	Capacitaciones SGI	Capacitación Realizada		10	12/05/2026
26/05/2026	11858	PATIÑO NELSON	Gerencia de Sistemas	Tecnicos de Peajes	Quilmes	Reglamento de Explotacion y del Usuario	Capacitaciones SGI	Capacitacion Realizada	2026-07-03	10	2026-06-08
09/06/2026	11858	PATIÑO NELSON	Gerencia de Sistemas	Tecnicos de Peajes	Quilmes	ITAU 04/05 Gestión de Seguridad Vial	Seguridad e Higiene	Capacitación Programada			
09/06/2026	11858	PATIÑO NELSON	Gerencia de Sistemas	Tecnicos de Peajes	Quilmes	Gestion de Riesgos y Oportunidades	Capacitaciones SGI	Capacitación Realizada		10	12/05/2026
16/06/2026	11858	PATIÑO NELSON	Gerencia de Sistemas	Tecnicos de Peajes	Quilmes	Riesgo Electrico	Seguridad e Higiene	Capacitacion Realizada		9	2026-05-30
06/08/2026	11858	PATIÑO NELSON	Gerencia de Sistemas	Tecnicos de Peajes	Quilmes	Anexo 6 Mantenimiento Sistemas 	Propia del Puesto	Capacitación Programada			
											
20/05/2026	10774	BARON JULIO	Gerencia de Sistemas	Tecnicos de Peajes	Hudson	Introduccion SGI	Capacitaciones SGI	Capacitación Realizada		8	12/05/2026
20/05/2026	10774	BARON JULIO	Gerencia de Sistemas	Tecnicos de Peajes	Hudson	Politica del SGI	Capacitaciones SGI	Capacitación Realizada		10	12/05/2026
26/05/2026	10774	BARON JULIO	Gerencia de Sistemas	Tecnicos de Peajes	Hudson	Reglamento de Explotacion y del Usuario	Capacitaciones SGI	Capacitacion Realizada	2026-07-03	10	2026-06-11
09/06/2026	10774	BARON JULIO	Gerencia de Sistemas	Tecnicos de Peajes	Hudson	ITAU 04/05 Gestión de Seguridad Vial	Seguridad e Higiene	Capacitación Programada			
09/06/2026	10774	BARON JULIO	Gerencia de Sistemas	Tecnicos de Peajes	Hudson	Gestion de Riesgos y Oportunidades	Capacitaciones SGI	Capacitación Realizada		8	12/05/2026
16/06/2026	10774	BARON JULIO	Gerencia de Sistemas	Tecnicos de Peajes	Hudson	Riesgo Electrico	Seguridad e Higiene	Capacitacion Realizada		10	2026-05-29
06/08/2026	10774	BARON JULIO	Gerencia de Sistemas	Tecnicos de Peajes	Hudson	Anexo 6 Mantenimiento Sistemas 	Propia del Puesto	Capacitación Programada			
											
20/05/2026	11608	MCNAMARA GUSTAVO	Gerencia de Sistemas	Tecnicos de Peajes	Hudson	Introduccion SGI	Capacitaciones SGI	Capacitación Realizada		6	12/05/2026
20/05/2026	11608	MCNAMARA GUSTAVO	Gerencia de Sistemas	Tecnicos de Peajes	Hudson	Politica del SGI	Capacitaciones SGI	Capacitación Realizada		10	12/05/2026
26/05/2026	11608	MCNAMARA GUSTAVO	Gerencia de Sistemas	Tecnicos de Peajes	Hudson	Reglamento de Explotacion y del Usuario	Capacitaciones SGI	Capacitacion Realizada	2026-07-03	8	2026-07-02
09/06/2026	11608	MCNAMARA GUSTAVO	Gerencia de Sistemas	Tecnicos de Peajes	Hudson	ITAU 04/05 Gestión de Seguridad Vial	Seguridad e Higiene	Capacitación Programada			
09/06/2026	11608	MCNAMARA GUSTAVO	Gerencia de Sistemas	Tecnicos de Peajes	Hudson	Gestion de Riesgos y Oportunidades	Capacitaciones SGI	Capacitación Realizada		6	12/05/2026
16/06/2026	11608	MCNAMARA GUSTAVO	Gerencia de Sistemas	Tecnicos de Peajes	Hudson	Riesgo Electrico	Seguridad e Higiene	Capacitacion Realizada		9	2026-05-29
06/08/2026	11608	MCNAMARA GUSTAVO	Gerencia de Sistemas	Tecnicos de Peajes	Hudson	Anexo 6 Mantenimiento Sistemas 	Propia del Puesto	Capacitación Programada			
											
20/05/2026	12798	DOMINGUEZ RODRIGO	Gerencia de Sistemas	Tecnicos de Peajes	Hudson	Introduccion SGI	Capacitaciones SGI	Capacitación Realizada		10	08/05/2026
20/05/2026	12798	DOMINGUEZ RODRIGO	Gerencia de Sistemas	Tecnicos de Peajes	Hudson	Politica del SGI	Capacitaciones SGI	Capacitación Realizada		10	08/05/2026
26/05/2026	12798	DOMINGUEZ RODRIGO	Gerencia de Sistemas	Tecnicos de Peajes	Hudson	Reglamento de Explotacion y del Usuario	Capacitaciones SGI	Capacitacion Realizada	2026-07-03	8	2026-06-09
09/06/2026	12798	DOMINGUEZ RODRIGO	Gerencia de Sistemas	Tecnicos de Peajes	Hudson	ITAU 04/05 Gestión de Seguridad Vial	Seguridad e Higiene	Capacitación Programada			
09/06/2026	12798	DOMINGUEZ RODRIGO	Gerencia de Sistemas	Tecnicos de Peajes	Hudson	Gestion de Riesgos y Oportunidades	Capacitaciones SGI	Capacitación Realizada		10	08/05/2026
16/06/2026	12798	DOMINGUEZ RODRIGO	Gerencia de Sistemas	Tecnicos de Peajes	Hudson	Riesgo Electrico	Seguridad e Higiene	Capacitacion Realizada		9	2026-05-29
06/08/2026	12798	DOMINGUEZ RODRIGO	Gerencia de Sistemas	Tecnicos de Peajes	Hudson	Anexo 6 Mantenimiento Sistemas 	Propia del Puesto	Capacitación Programada			
											
20/05/2026	12601	SOLER GUSTAVO	Gerencia de Sistemas	Tecnicos de Peajes	Hudson	Introduccion SGI	Capacitaciones SGI	Capacitación Realizada		10	12/05/2026
20/05/2026	12601	SOLER GUSTAVO	Gerencia de Sistemas	Tecnicos de Peajes	Hudson	Politica del SGI	Capacitaciones SGI	Capacitación Realizada		10	12/05/2026
26/05/2026	12601	SOLER GUSTAVO	Gerencia de Sistemas	Tecnicos de Peajes	Hudson	Reglamento de Explotacion y del Usuario	Capacitaciones SGI	Capacitacion Realizada	2026-07-03	9	2026-06-09
09/06/2026	12601	SOLER GUSTAVO	Gerencia de Sistemas	Tecnicos de Peajes	Hudson	ITAU 04/05 Gestión de Seguridad Vial	Seguridad e Higiene	Capacitación Programada			
09/06/2026	12601	SOLER GUSTAVO	Gerencia de Sistemas	Tecnicos de Peajes	Hudson	Gestion de Riesgos y Oportunidades	Capacitaciones SGI	Capacitación Realizada		10	12/05/2026
16/06/2026	12601	SOLER GUSTAVO	Gerencia de Sistemas	Tecnicos de Peajes	Hudson	Riesgo Electrico	Seguridad e Higiene	Capacitacion Realizada		10	2026-05-29
06/08/2026	12601	SOLER GUSTAVO	Gerencia de Sistemas	Tecnicos de Peajes	Hudson	Anexo 6 Mantenimiento Sistemas 	Propia del Puesto	Capacitación Programada			
											
20/05/2026	11529	LOBO MAXIMILIANO	Gerencia de Sistemas	Tecnicos de Peajes	Hudson	Introduccion SGI	Capacitaciones SGI	Capacitación Realizada		8	08/05/2026
20/05/2026	11529	LOBO MAXIMILIANO	Gerencia de Sistemas	Tecnicos de Peajes	Hudson	Politica del SGI	Capacitaciones SGI	Capacitación Realizada		8	08/05/2026
26/05/2026	11529	LOBO MAXIMILIANO	Gerencia de Sistemas	Tecnicos de Peajes	Hudson	Reglamento de Explotacion y del Usuario	Capacitaciones SGI	Capacitacion Realizada	2026-07-03	9	2026-06-09
09/06/2026	11529	LOBO MAXIMILIANO	Gerencia de Sistemas	Tecnicos de Peajes	Hudson	ITAU 04/05 Gestión de Seguridad Vial	Seguridad e Higiene	Capacitación Programada			
09/06/2026	11529	LOBO MAXIMILIANO	Gerencia de Sistemas	Tecnicos de Peajes	Hudson	Gestion de Riesgos y Oportunidades	Capacitaciones SGI	Capacitación Realizada		10	08/05/2026
16/06/2026	11529	LOBO MAXIMILIANO	Gerencia de Sistemas	Tecnicos de Peajes	Hudson	Riesgo Electrico	Seguridad e Higiene	Capacitación Programada			
06/08/2026	11529	LOBO MAXIMILIANO	Gerencia de Sistemas	Tecnicos de Peajes	Hudson	Anexo 6 Mantenimiento Sistemas 	Propia del Puesto	Capacitación Programada			
											
20/05/2026	12054	PALACIOS SEBASTIAN	Gerencia de Sistemas	Tecnicos de Peajes	Hudson	Introduccion SGI	Capacitaciones SGI	Capacitacion Reprogramada	2026-07-03		
20/05/2026	12054	PALACIOS SEBASTIAN	Gerencia de Sistemas	Tecnicos de Peajes	Hudson	Politica del SGI	Capacitaciones SGI	Capacitacion Reprogramada	2026-07-03		
26/05/2026	12054	PALACIOS SEBASTIAN	Gerencia de Sistemas	Tecnicos de Peajes	Hudson	Reglamento de Explotacion y del Usuario	Capacitaciones SGI	Capacitacion Reprogramada	2026-07-03		
09/06/2026	12054	PALACIOS SEBASTIAN	Gerencia de Sistemas	Tecnicos de Peajes	Hudson	ITAU 04/05 Gestión de Seguridad Vial	Seguridad e Higiene	Capacitación Programada			
09/06/2026	12054	PALACIOS SEBASTIAN	Gerencia de Sistemas	Tecnicos de Peajes	Hudson	Gestion de Riesgos y Oportunidades	Capacitaciones SGI	Capacitación Programada			
16/06/2026	12054	PALACIOS SEBASTIAN	Gerencia de Sistemas	Tecnicos de Peajes	Hudson	Riesgo Electrico	Seguridad e Higiene	Capacitación Programada			
06/08/2026	12054	PALACIOS SEBASTIAN	Gerencia de Sistemas	Tecnicos de Peajes	Hudson	Anexo 6 Mantenimiento Sistemas 	Propia del Puesto	Capacitación Programada			
											
20/05/2026	12011	CASTIÑEIRA GABRIEL	Gerencia de Sistemas	Tecnicos de Peajes	Berazategui	Introduccion SGI	Capacitaciones SGI	Capacitación Realizada		10	10/05/2026
20/05/2026	12011	CASTIÑEIRA GABRIEL	Gerencia de Sistemas	Tecnicos de Peajes	Berazategui	Politica del SGI	Capacitaciones SGI	Capacitación Realizada		10	10/05/2026
26/05/2026	12011	CASTIÑEIRA GABRIEL	Gerencia de Sistemas	Tecnicos de Peajes	Berazategui	Reglamento de Explotacion y del Usuario	Capacitaciones SGI	Capacitacion Realizada	2026-07-03	10	2026-06-10
09/06/2026	12011	CASTIÑEIRA GABRIEL	Gerencia de Sistemas	Tecnicos de Peajes	Berazategui	ITAU 04/05 Gestión de Seguridad Vial	Seguridad e Higiene	Capacitación Programada			
09/06/2026	12011	CASTIÑEIRA GABRIEL	Gerencia de Sistemas	Tecnicos de Peajes	Berazategui	Gestion de Riesgos y Oportunidades	Capacitaciones SGI	Capacitación Realizada		10	10/05/2026
16/06/2026	12011	CASTIÑEIRA GABRIEL	Gerencia de Sistemas	Tecnicos de Peajes	Berazategui	Riesgo Electrico	Seguridad e Higiene	Capacitacion Realizada		10	2026-05-29
06/08/2026	12011	CASTIÑEIRA GABRIEL	Gerencia de Sistemas	Tecnicos de Peajes	Berazategui	Anexo 6 Mantenimiento Sistemas 	Propia del Puesto	Capacitación Programada			
											
20/05/2026	11859	LUGO RAUL	Gerencia de Sistemas	Tecnicos de Peajes	Berazategui	Introduccion SGI	Capacitaciones SGI	Capacitación Realizada		10	12/05/2026
20/05/2026	11859	LUGO RAUL	Gerencia de Sistemas	Tecnicos de Peajes	Berazategui	Politica del SGI	Capacitaciones SGI	Capacitación Realizada		10	12/05/2026
26/05/2026	11859	LUGO RAUL	Gerencia de Sistemas	Tecnicos de Peajes	Berazategui	Reglamento de Explotacion y del Usuario	Capacitaciones SGI	Capacitacion Realizada	2026-07-03	8	2026-06-09
09/06/2026	11859	LUGO RAUL	Gerencia de Sistemas	Tecnicos de Peajes	Berazategui	ITAU 04/05 Gestión de Seguridad Vial	Seguridad e Higiene	Capacitación Programada			
09/06/2026	11859	LUGO RAUL	Gerencia de Sistemas	Tecnicos de Peajes	Berazategui	Gestion de Riesgos y Oportunidades	Capacitaciones SGI	Capacitación Realizada		8	12/05/2026
16/06/2026	11859	LUGO RAUL	Gerencia de Sistemas	Tecnicos de Peajes	Berazategui	Riesgo Electrico	Seguridad e Higiene	Capacitacion Realizada		10	2026-05-29
06/08/2026	11859	LUGO RAUL	Gerencia de Sistemas	Tecnicos de Peajes	Berazategui	Anexo 6 Mantenimiento Sistemas 	Propia del Puesto	Capacitación Programada			
											
20/05/2026	11497	MARTIN FERNANDO	Gerencia de Sistemas	Tecnicos de Peajes	Berazategui	Introduccion SGI	Capacitaciones SGI	Capacitación Realizada		10	14/05/2026
20/05/2026	11497	MARTIN FERNANDO	Gerencia de Sistemas	Tecnicos de Peajes	Berazategui	Politica del SGI	Capacitaciones SGI	Capacitación Realizada		10	14/05/2026
26/05/2026	11497	MARTIN FERNANDO	Gerencia de Sistemas	Tecnicos de Peajes	Berazategui	Reglamento de Explotacion y del Usuario	Capacitaciones SGI	Capacitacion Realizada	2026-07-03	9	2026-06-14
09/06/2026	11497	MARTIN FERNANDO	Gerencia de Sistemas	Tecnicos de Peajes	Berazategui	ITAU 04/05 Gestión de Seguridad Vial	Seguridad e Higiene	Capacitación Programada			
09/06/2026	11497	MARTIN FERNANDO	Gerencia de Sistemas	Tecnicos de Peajes	Berazategui	Gestion de Riesgos y Oportunidades	Capacitaciones SGI	Capacitación Realizada		10	14/05/2026
16/06/2026	11497	MARTIN FERNANDO	Gerencia de Sistemas	Tecnicos de Peajes	Berazategui	Riesgo Electrico	Seguridad e Higiene	Capacitación Programada			
06/08/2026	11497	MARTIN FERNANDO	Gerencia de Sistemas	Tecnicos de Peajes	Berazategui	Anexo 6 Mantenimiento Sistemas 	Propia del Puesto	Capacitación Programada			
											
20/05/2026	12249	VERDINELLI DIEGO	Gerencia de Sistemas	Tecnicos de Peajes	Berazategui	Introduccion SGI	Capacitaciones SGI	Capacitación Realizada		8	14/05/2026
20/05/2026	12249	VERDINELLI DIEGO	Gerencia de Sistemas	Tecnicos de Peajes	Berazategui	Politica del SGI	Capacitaciones SGI	Capacitación Realizada		10	14/05/2026
26/05/2026	12249	VERDINELLI DIEGO	Gerencia de Sistemas	Tecnicos de Peajes	Berazategui	Reglamento de Explotacion y del Usuario	Capacitaciones SGI	Capacitacion Realizada	2026-07-03	9	2026-06-14
09/06/2026	12249	VERDINELLI DIEGO	Gerencia de Sistemas	Tecnicos de Peajes	Berazategui	ITAU 04/05 Gestión de Seguridad Vial	Seguridad e Higiene	Capacitación Programada			
09/06/2026	12249	VERDINELLI DIEGO	Gerencia de Sistemas	Tecnicos de Peajes	Berazategui	Gestion de Riesgos y Oportunidades	Capacitaciones SGI	Capacitación Realizada		10	14/05/2026
16/06/2026	12249	VERDINELLI DIEGO	Gerencia de Sistemas	Tecnicos de Peajes	Berazategui	Riesgo Electrico	Seguridad e Higiene	Capacitacion Realizada		10	2026-05-30
06/08/2026	12249	VERDINELLI DIEGO	Gerencia de Sistemas	Tecnicos de Peajes	Berazategui	Anexo 6 Mantenimiento Sistemas 	Propia del Puesto	Capacitación Programada			
											
20/05/2026	11798	SCHIEBELBEIN MAXIMILIANO	Gerencia de Sistemas	Tecnicos de Peajes	Berazategui	Introduccion SGI	Capacitaciones SGI	Capacitación Realizada		8	09/05/2026
20/05/2026	11798	SCHIEBELBEIN MAXIMILIANO	Gerencia de Sistemas	Tecnicos de Peajes	Berazategui	Politica del SGI	Capacitaciones SGI	Capacitación Realizada		10	09/05/2026
26/05/2026	11798	SCHIEBELBEIN MAXIMILIANO	Gerencia de Sistemas	Tecnicos de Peajes	Berazategui	Reglamento de Explotacion y del Usuario	Capacitaciones SGI	Capacitacion Realizada	2026-07-03	10	2026-06-09
09/06/2026	11798	SCHIEBELBEIN MAXIMILIANO	Gerencia de Sistemas	Tecnicos de Peajes	Berazategui	ITAU 04/05 Gestión de Seguridad Vial	Seguridad e Higiene	Capacitación Programada			
09/06/2026	11798	SCHIEBELBEIN MAXIMILIANO	Gerencia de Sistemas	Tecnicos de Peajes	Berazategui	Gestion de Riesgos y Oportunidades	Capacitaciones SGI	Capacitación Realizada		10	09/05/2026
16/06/2026	11798	SCHIEBELBEIN MAXIMILIANO	Gerencia de Sistemas	Tecnicos de Peajes	Berazategui	Riesgo Electrico	Seguridad e Higiene	Capacitacion Realizada		10	2026-05-31
06/08/2026	11798	SCHIEBELBEIN MAXIMILIANO	Gerencia de Sistemas	Tecnicos de Peajes	Berazategui	Anexo 6 Mantenimiento Sistemas 	Propia del Puesto	Capacitación Programada			
											
20/05/2026	12053	FERNANDEZ RODRIGO	Gerencia de Sistemas	Tecnicos de Peajes	Berazategui	Introduccion SGI	Capacitaciones SGI	Capacitación Realizada		8	09/05/2026
20/05/2026	12053	FERNANDEZ RODRIGO	Gerencia de Sistemas	Tecnicos de Peajes	Berazategui	Politica del SGI	Capacitaciones SGI	Capacitación Realizada		10	09/05/2026
26/05/2026	12053	FERNANDEZ RODRIGO	Gerencia de Sistemas	Tecnicos de Peajes	Berazategui	Reglamento de Explotacion y del Usuario	Capacitaciones SGI	Capacitacion Realizada	2026-07-03	10	2026-06-09
09/06/2026	12053	FERNANDEZ RODRIGO	Gerencia de Sistemas	Tecnicos de Peajes	Berazategui	ITAU 04/05 Gestión de Seguridad Vial	Seguridad e Higiene	Capacitación Programada			
09/06/2026	12053	FERNANDEZ RODRIGO	Gerencia de Sistemas	Tecnicos de Peajes	Berazategui	Gestion de Riesgos y Oportunidades	Capacitaciones SGI	Capacitación Realizada		10	09/05/2026
16/06/2026	12053	FERNANDEZ RODRIGO	Gerencia de Sistemas	Tecnicos de Peajes	Berazategui	Riesgo Electrico	Seguridad e Higiene	Capacitacion Realizada		10	2026-05-31
06/08/2026	12053	FERNANDEZ RODRIGO	Gerencia de Sistemas	Tecnicos de Peajes	Berazategui	Anexo 6 Mantenimiento Sistemas 	Propia del Puesto	Capacitación Programada			
											
20/05/2026	11022	ZUCZENIA RAUL	Gerencia de Sistemas	Tecnicos de Peajes	Dock Sud	Introduccion SGI	Capacitaciones SGI	Capacitación Realizada		10	12/05/2026
20/05/2026	11022	ZUCZENIA RAUL	Gerencia de Sistemas	Tecnicos de Peajes	Dock Sud	Politica del SGI	Capacitaciones SGI	Capacitación Realizada		10	12/05/2026
26/05/2026	11022	ZUCZENIA RAUL	Gerencia de Sistemas	Tecnicos de Peajes	Dock Sud	Reglamento de Explotacion y del Usuario	Capacitaciones SGI	Capacitacion Realizada	2026-07-03	10	2026-07-06
09/06/2026	11022	ZUCZENIA RAUL	Gerencia de Sistemas	Tecnicos de Peajes	Dock Sud	ITAU 04/05 Gestión de Seguridad Vial	Seguridad e Higiene	Capacitación Programada			
09/06/2026	11022	ZUCZENIA RAUL	Gerencia de Sistemas	Tecnicos de Peajes	Dock Sud	Gestion de Riesgos y Oportunidades	Capacitaciones SGI	Capacitación Realizada		10	12/05/2026
16/06/2026	11022	ZUCZENIA RAUL	Gerencia de Sistemas	Tecnicos de Peajes	Dock Sud	Riesgo Electrico	Seguridad e Higiene	Capacitación Programada			
06/08/2026	11022	ZUCZENIA RAUL	Gerencia de Sistemas	Tecnicos de Peajes	Dock Sud	Anexo 6 Mantenimiento Sistemas 	Propia del Puesto	Capacitación Programada			
											
20/05/2026	13019	ZICAVO DANIEL	Gerencia de Sistemas	Tecnicos de Peajes	Dock Sud	Introduccion SGI	Capacitaciones SGI	Capacitación Realizada		10	12/05/2026
20/05/2026	13019	ZICAVO DANIEL	Gerencia de Sistemas	Tecnicos de Peajes	Dock Sud	Politica del SGI	Capacitaciones SGI	Capacitación Realizada		10	12/05/2026
26/05/2026	13019	ZICAVO DANIEL	Gerencia de Sistemas	Tecnicos de Peajes	Dock Sud	Reglamento de Explotacion y del Usuario	Capacitaciones SGI	Capacitacion Realizada	2026-07-03	9	2026-06-12
09/06/2026	13019	ZICAVO DANIEL	Gerencia de Sistemas	Tecnicos de Peajes	Dock Sud	ITAU 04/05 Gestión de Seguridad Vial	Seguridad e Higiene	Capacitación Programada			
09/06/2026	13019	ZICAVO DANIEL	Gerencia de Sistemas	Tecnicos de Peajes	Dock Sud	Gestion de Riesgos y Oportunidades	Capacitaciones SGI	Capacitación Realizada		10	12/05/2026
16/06/2026	13019	ZICAVO DANIEL	Gerencia de Sistemas	Tecnicos de Peajes	Dock Sud	Riesgo Electrico	Seguridad e Higiene	Capacitación Programada			
06/08/2026	13019	ZICAVO DANIEL	Gerencia de Sistemas	Tecnicos de Peajes	Dock Sud	Anexo 6 Mantenimiento Sistemas 	Propia del Puesto	Capacitación Programada			
											
20/05/2026	12685	CARNAHI RODRIGO	Gerencia de Sistemas	Tecnicos de Peajes	Quilmes	Introduccion SGI	Capacitaciones SGI	Capacitación Realizada		10	12/05/2026
20/05/2026	12685	CARNAHI RODRIGO	Gerencia de Sistemas	Tecnicos de Peajes	Quilmes	Politica del SGI	Capacitaciones SGI	Capacitación Realizada		10	12/05/2026
26/05/2026	12685	CARNAHI RODRIGO	Gerencia de Sistemas	Tecnicos de Peajes	Quilmes	Reglamento de Explotacion y del Usuario	Capacitaciones SGI	Capacitacion Realizada	2026-07-03	9	2026-06-09
09/06/2026	12685	CARNAHI RODRIGO	Gerencia de Sistemas	Tecnicos de Peajes	Quilmes	ITAU 04/05 Gestión de Seguridad Vial	Seguridad e Higiene	Capacitación Programada			
09/06/2026	12685	CARNAHI RODRIGO	Gerencia de Sistemas	Tecnicos de Peajes	Quilmes	Gestion de Riesgos y Oportunidades	Capacitaciones SGI	Capacitación Realizada		10	12/05/2026
16/06/2026	12685	CARNAHI RODRIGO	Gerencia de Sistemas	Tecnicos de Peajes	Quilmes	Riesgo Electrico	Seguridad e Higiene	Capacitacion Realizada		10	2026-05-29
06/08/2026	12685	CARNAHI RODRIGO	Gerencia de Sistemas	Tecnicos de Peajes	Quilmes	Anexo 6 Mantenimiento Sistemas 	Propia del Puesto	Capacitación Programada			
											
20/05/2026	11657	GROSMULLER GUILLERMO	Gerencia de Sistemas	Tecnicos de Peajes	Quilmes	Introduccion SGI	Capacitaciones SGI	Capacitación Realizada		10	21/05/2026
20/05/2026	11657	GROSMULLER GUILLERMO	Gerencia de Sistemas	Tecnicos de Peajes	Quilmes	Politica del SGI	Capacitaciones SGI	Capacitación Realizada		10	21/05/2026
26/05/2026	11657	GROSMULLER GUILLERMO	Gerencia de Sistemas	Tecnicos de Peajes	Quilmes	Reglamento de Explotacion y del Usuario	Capacitaciones SGI	Capacitacion Realizada	2026-07-03	6	2026-07-01
09/06/2026	11657	GROSMULLER GUILLERMO	Gerencia de Sistemas	Tecnicos de Peajes	Quilmes	ITAU 04/05 Gestión de Seguridad Vial	Seguridad e Higiene	Capacitación Programada			
09/06/2026	11657	GROSMULLER GUILLERMO	Gerencia de Sistemas	Tecnicos de Peajes	Quilmes	Gestion de Riesgos y Oportunidades	Capacitaciones SGI	Capacitación Realizada		10	21/05/2026
16/06/2026	11657	GROSMULLER GUILLERMO	Gerencia de Sistemas	Tecnicos de Peajes	Quilmes	Riesgo Electrico	Seguridad e Higiene	Capacitación Programada			
06/08/2026	11657	GROSMULLER GUILLERMO	Gerencia de Sistemas	Tecnicos de Peajes	Quilmes	Anexo 6 Mantenimiento Sistemas 	Propia del Puesto	Capacitación Programada			
											
20/05/2026	10975	Cherbavaz Fernando	Gerencia de Sistemas	Supervisor de Sistemas	Quilmes	Introduccion SGI	Capacitaciones SGI	Capacitación Realizada		8	11/05/2026
20/05/2026	10975	Cherbavaz Fernando	Gerencia de Sistemas	Supervisor de Sistemas	Quilmes	Politica del SGI	Capacitaciones SGI	Capacitación Realizada		10	11/05/2026
26/05/2026	10975	Cherbavaz Fernando	Gerencia de Sistemas	Supervisor de Sistemas	Quilmes	Reglamento de Explotacion y del Usuario	Capacitaciones SGI	Capacitacion Realizada	2026-07-03	10	2026-06-10
09/06/2026	10975	Cherbavaz Fernando	Gerencia de Sistemas	Supervisor de Sistemas	Quilmes	ITAU 04/05 Gestión de Seguridad Vial	Seguridad e Higiene	Capacitación Programada			
09/06/2026	10975	Cherbavaz Fernando	Gerencia de Sistemas	Supervisor de Sistemas	Quilmes	Gestion de Riesgos y Oportunidades	Capacitaciones SGI	Capacitación Realizada		8	11/05/2026
16/06/2026	10975	Cherbavaz Fernando	Gerencia de Sistemas	Supervisor de Sistemas	Quilmes	Riesgo Electrico	Seguridad e Higiene	Capacitacion Realizada		10	2026-05-29
23/06/2026	10975	Cherbavaz Fernando	Gerencia de Sistemas	Supervisor de Sistemas	Quilmes	Matriz legal	Capacitaciones SGI	Capacitación Programada			
06/08/2026	10975	Cherbavaz Fernando	Gerencia de Sistemas	Supervisor de Sistemas	Quilmes	Anexo 6 Mantenimiento Sistemas 	Propia del Puesto	Capacitación Programada			
											
20/05/2026	11081	Garbezza Martin	Gerencia de Sistemas	Supervisor de Sistemas	Quilmes	Introduccion SGI	Capacitaciones SGI	Capacitación Realizada		8	08/05/2026
20/05/2026	11081	Garbezza Martin	Gerencia de Sistemas	Supervisor de Sistemas	Quilmes	Politica del SGI	Capacitaciones SGI	Capacitación Realizada		10	08/05/2026
26/05/2026	11081	Garbezza Martin	Gerencia de Sistemas	Supervisor de Sistemas	Quilmes	Reglamento de Explotacion y del Usuario	Capacitaciones SGI	Capacitacion Realizada	2026-07-03	8	2026-06-08
09/06/2026	11081	Garbezza Martin	Gerencia de Sistemas	Supervisor de Sistemas	Quilmes	ITAU 04/05 Gestión de Seguridad Vial	Seguridad e Higiene	Capacitación Programada			
09/06/2026	11081	Garbezza Martin	Gerencia de Sistemas	Supervisor de Sistemas	Quilmes	Gestion de Riesgos y Oportunidades	Capacitaciones SGI	Capacitación Realizada		10	09/05/2026
16/06/2026	11081	Garbezza Martin	Gerencia de Sistemas	Supervisor de Sistemas	Quilmes	Riesgo Electrico	Seguridad e Higiene	Capacitacion Realizada		9	2026-05-29
23/06/2026	11081	Garbezza Martin	Gerencia de Sistemas	Supervisor de Sistemas	Quilmes	Matriz legal	Capacitaciones SGI	Capacitación Programada			
06/08/2026	11081	Garbezza Martin	Gerencia de Sistemas	Supervisor de Sistemas	Quilmes	Anexo 6 Mantenimiento Sistemas 	Propia del Puesto	Capacitación Programada			
											
20/05/2026	11041	Illi Gustavo	Gerencia de Sistemas	Coodinador Tecnico	Berazategui	Introduccion SGI	Capacitaciones SGI	Capacitación Realizada		10	20/05/2026
20/05/2026	11041	Illi Gustavo	Gerencia de Sistemas	Coodinador Tecnico	Berazategui	Politica del SGI	Capacitaciones SGI	Capacitación Realizada		10	20/05/2026
26/05/2026	11041	Illi Gustavo	Gerencia de Sistemas	Coodinador Tecnico	Berazategui	Reglamento de Explotacion y del Usuario	Capacitaciones SGI	Capacitacion Realizada	2026-07-03	10	2026-06-09
09/06/2026	11041	Illi Gustavo	Gerencia de Sistemas	Coodinador Tecnico	Berazategui	ITAU 04/05 Gestión de Seguridad Vial	Seguridad e Higiene	Capacitación Programada			
09/06/2026	11041	Illi Gustavo	Gerencia de Sistemas	Coodinador Tecnico	Berazategui	Gestion de Riesgos y Oportunidades	Capacitaciones SGI	Capacitación Realizada		10	20/05/2026
16/06/2026	11041	Illi Gustavo	Gerencia de Sistemas	Coodinador Tecnico	Berazategui	Riesgo Electrico	Seguridad e Higiene	Capacitacion Realizada		10	2026-05-29
23/06/2026	11041	Illi Gustavo	Gerencia de Sistemas	Coodinador Tecnico	Berazategui	Matriz legal	Capacitaciones SGI	Capacitación Programada			
06/08/2026	11041	Illi Gustavo	Gerencia de Sistemas	Coodinador Tecnico	Berazategui	Anexo 6 Mantenimiento Sistemas 	Propia del Puesto	Capacitación Programada			
											
20/05/2026	40119	Perez Mac Donald Ariel	Gerencia de Sistemas	Jefe de Sistemas	Berazategui	Introduccion SGI	Capacitaciones SGI	Capacitación Realizada		10	11/05/2026
20/05/2026	40119	Perez Mac Donald Ariel	Gerencia de Sistemas	Jefe de Sistemas	Berazategui	Politica del SGI	Capacitaciones SGI	Capacitación Realizada		10	11/05/2026
26/05/2026	40119	Perez Mac Donald Ariel	Gerencia de Sistemas	Jefe de Sistemas	Berazategui	Reglamento de Explotacion y del Usuario	Capacitaciones SGI	Capacitacion Realizada	2026-07-03	10	2026-06-08
09/06/2026	40119	Perez Mac Donald Ariel	Gerencia de Sistemas	Jefe de Sistemas	Berazategui	ITAU 04/05 Gestión de Seguridad Vial	Seguridad e Higiene	Capacitación Programada			
09/06/2026	40119	Perez Mac Donald Ariel	Gerencia de Sistemas	Jefe de Sistemas	Berazategui	Gestion de Riesgos y Oportunidades	Capacitaciones SGI	Capacitación Realizada		10	11/05/2026
16/06/2026	40119	Perez Mac Donald Ariel	Gerencia de Sistemas	Jefe de Sistemas	Berazategui	Riesgo Electrico	Seguridad e Higiene	Capacitacion Realizada		10	2026-05-28
23/06/2026	40119	Perez Mac Donald Ariel	Gerencia de Sistemas	Jefe de Sistemas	Berazategui	Matriz legal	Capacitaciones SGI	Capacitación Programada			
06/08/2026	40119	Perez Mac Donald Ariel	Gerencia de Sistemas	Jefe de Sistemas	Berazategui	Anexo 6 Mantenimiento Sistemas 	Propia del Puesto	Capacitación Programada			
23/06/2026	40085	Benitez Emmanuel	Gerencia de Sistemas	Jefe de Operaciones	Hudson	Matriz legal	Capacitaciones SGI	Capacitación Programada			
