13/10/2025	40097	Cuevas Candela	Gerencia de Recursos Humanos	Gerente de RRHH	Sede Central	PAU 07  Indicadores de Gestión	Capacitaciones SGI	Capacitacion Realizada		10	23/12/2025
13/10/2025	40071	Pereira Agustina	Gerencia de Recursos Humanos	Jefe de Empleo	Sede Central	PAU 07  Indicadores de Gestión	Capacitaciones SGI	Capacitación Realizada		10	29/12/2025
13/10/2025	40006	Lezaola Cecilia	Gerencia de Recursos Humanos	Jefe de RRHH	Sede Central	PAU 07  Indicadores de Gestión	Capacitaciones SGI	Capacitacion Realizada	04/05/2026	10	2026-06-01
13/10/2025	13013	Morales Federico	Gerencia de Recursos Humanos	Responsable de SEH	Hudson	PAU 07  Indicadores de Gestión	Capacitaciones SGI	Capacitacion Realizada		10	05/11/2025
13/10/2025	40097	Cuevas Candela	Gerencia de Recursos Humanos	Gerente de RRHH	Sede Central	Gestion de Riesgos y Oportunidades	Capacitaciones SGI	Capacitacion Realizada		8	23/12/2025
13/10/2025	40071	Pereira Agustina	Gerencia de Recursos Humanos	Jefe de Empleo	Sede Central	Gestion de Riesgos y Oportunidades	Capacitaciones SGI	Capacitación Realizada		10	13/10/2025
13/10/2025	40006	Lezaola Cecilia	Gerencia de Recursos Humanos	Jefe de RRHH	Sede Central	Gestion de Riesgos y Oportunidades	Capacitaciones SGI	Capacitacion Realizada		10	31/10/2025
13/10/2025	13013	Morales Federico	Gerencia de Recursos Humanos	Responsable de SEH	Hudson	Gestion de Riesgos y Oportunidades	Capacitaciones SGI	Capacitacion Realizada		10	05/11/2025
17/11/2025	40097	Cuevas Candela	Gerencia de Recursos Humanos	Gerente de RRHH	Sede Central	PAU 05-Anexo 2 "Reclutamiento, selección, reemplazo y desvinculacion del personal"	Propia del Puesto	Capacitacion Realizada	15/12/2025	10	23/12/2025
17/11/2025	11040	Gomez Diego	Gerencia de Recursos Humanos	Administrativo RRHH	Sede Central	PAU 05-Anexo 2 "Reclutamiento, selección, reemplazo y desvinculacion del personal"	Propia del Puesto	Capacitacion Realizada	15/12/2025	10	18/12/2025
17/11/2025	40006	Lezaola Cecilia	Gerencia de Recursos Humanos	Jefe de RRHH	Sede Central	PAU 05-Anexo 2 "Reclutamiento, selección, reemplazo y desvinculacion del personal"	Propia del Puesto	Capacitacion Realizada	15/12/2025	10	30/11/2025
17/11/2025	40071	Pereira Agustina	Gerencia de Recursos Humanos	Jefe de Empleo	Sede Central	PAU 05-Anexo 2 "Reclutamiento, selección, reemplazo y desvinculacion del personal"	Propia del Puesto	Capacitacion Realizada	15/12/2025	10	29/12/2025
17/11/2025	13013	Morales Federico	Gerencia de Recursos Humanos	Responsable de SEH	Hudson	PAU 05-Anexo 2 "Reclutamiento, selección, reemplazo y desvinculacion del personal"	Propia del Puesto	Capacitacion Realizada	15/12/2025	10	29/12/2025
											
20/09/2025	40097	Cuevas Candela	Gerencia de Recursos Humanos	Gerente de RRHH	Sede Central	Riesgos en Oficinas	Seguridad e Higiene	Capacitacion Realizada		10	23/12/2025
20/09/2025	40097	Cuevas Candela	Gerencia de Recursos Humanos	Gerente de RRHH	Sede Central	Prevencion de Riesgo Laboral	Seguridad e Higiene	Capacitacion Realizada		10	23/12/2025
20/09/2025	40097	Cuevas Candela	Gerencia de Recursos Humanos	Gerente de RRHH	Sede Central	Prevencion de incendios	Seguridad e Higiene	Capacitacion Realizada		10	23/12/2025
20/09/2025	40006	Lezaola Cecilia	Gerencia de Recursos Humanos	Jefe de RRHH	Sede Central	Riesgos en Oficinas	Seguridad e Higiene	Capacitacion Realizada		10	01/10/2025
20/09/2025	40006	Lezaola Cecilia	Gerencia de Recursos Humanos	Jefe de RRHH	Sede Central	Prevencion de Riesgo Laboral	Seguridad e Higiene	Capacitacion Realizada		10	01/10/2025
20/09/2025	40006	Lezaola Cecilia	Gerencia de Recursos Humanos	Jefe de RRHH	Sede Central	Prevencion de incendios	Seguridad e Higiene	Capacitacion Realizada		10	01/10/2025
20/09/2025	11040	Gomez Diego	Gerencia de Recursos Humanos	Administrativo RRHH	Sede Central	Riesgos en Oficinas	Seguridad e Higiene	Capacitacion Realizada		10	17/10/2025
20/09/2025	11040	Gomez Diego	Gerencia de Recursos Humanos	Administrativo RRHH	Sede Central	Prevencion de Riesgo Laboral	Seguridad e Higiene	Capacitacion Realizada		10	17/10/2025
20/09/2025	11040	Gomez Diego	Gerencia de Recursos Humanos	Administrativo RRHH	Sede Central	Prevencion de incendios	Seguridad e Higiene	Capacitacion Realizada		9	20/10/2025
20/09/2025	40071	Pereira Agustina	Gerencia de Recursos Humanos	Jefe de Empleo	Sede Central	Riesgos en Oficinas	Seguridad e Higiene	Capacitación Realizada		10	20/10/2025
20/09/2025	40071	Pereira Agustina	Gerencia de Recursos Humanos	Jefe de Empleo	Sede Central	Prevencion de Riesgo Laboral	Seguridad e Higiene	Capacitación Realizada		10	20/10/2025
20/09/2025	40071	Pereira Agustina	Gerencia de Recursos Humanos	Jefe de Empleo	Sede Central	Prevencion de incendios	Seguridad e Higiene	Capacitación Realizada		10	20/10/2025
20/09/2025	11816	Gozzo Mariano	Gerencia de Recursos Humanos	Tecnico SEH	Hudson	Riesgos en Oficinas	Seguridad e Higiene	Capacitacion Realizada		10	24/10/2025
20/09/2025	11816	Gozzo Mariano	Gerencia de Recursos Humanos	Tecnico SEH	Sede Central	Prevencion de Riesgo Laboral	Seguridad e Higiene	Capacitacion Realizada		10	24/10/2025
20/09/2025	11816	Gozzo Mariano	Gerencia de Recursos Humanos	Tecnico SEH	Hudson	Prevencion de incendios	Seguridad e Higiene	Capacitacion Realizada		10	24/10/2025
20/09/2025	13013	Morales Federico	Gerencia de Recursos Humanos	Responsable de SEH	Hudson	Riesgos en Oficinas	Seguridad e Higiene	Capacitacion Realizada		9	17/11/2025
20/09/2025	13013	Morales Federico	Gerencia de Recursos Humanos	Responsable de SEH	Hudson	Prevencion de Riesgo Laboral	Seguridad e Higiene	Capacitacion Realizada		10	10/11/2025
20/09/2025	13013	Morales Federico	Gerencia de Recursos Humanos	Responsable de SEH	Hudson	Prevencion de incendios	Seguridad e Higiene	Capacitacion Realizada		8	17/11/2025
20/09/2025		Aranda Camila	Gerencia de Recursos Humanos	Administrativo SEH	Hudson	Riesgos en Oficinas	Seguridad e Higiene	Capacitación Realizada		10	14/11/2025
20/09/2025		Aranda Camila	Gerencia de Recursos Humanos	Administrativo SEH	Hudson	Prevencion de Riesgo Laboral	Seguridad e Higiene	Capacitación Realizada		10	14/11/2025
20/09/2025		Aranda Camila	Gerencia de Recursos Humanos	Administrativo SEH	Hudson	Prevencion de incendios	Seguridad e Higiene	Capacitación Realizada		10	14/11/2025
27/06/2025	11040	Gomez Diego	Gerencia de Recursos Humanos	Administrativo RRHH	Sede Central	Gestion de Riesgos y Oportunidades	Capacitaciones SGI	Capacitacion Realizada		10	27/06/2025
27/06/2025	40006	Lezaola Cecilia	Gerencia de Recursos Humanos	Jefe de RRHH	Sede Central	Gestion de Riesgos y Oportunidades	Capacitaciones SGI	Capacitacion Realizada		10	27/06/2025
27/06/2025	40071	Pereira Agustina	Gerencia de Recursos Humanos	Jefe de Empleo	Sede Central	Gestion de Riesgos y Oportunidades	Capacitaciones SGI	Capacitación Realizada		10	27/06/2025
27/06/2025	40006	Lezaola Cecilia	Gerencia de Recursos Humanos	Jefe de RRHH	Sede Central	PAU/02 Informacion Documentada	Capacitaciones SGI	Capacitacion Realizada		10	27/06/2025
27/06/2025	40071	Pereira Agustina	Gerencia de Recursos Humanos	Jefe de Empleo	Sede Central	PAU/02 Informacion Documentada	Capacitaciones SGI	Capacitación Realizada		10	27/06/2025
30/06/2025	40097	Cuevas Candela	Gerencia de Recursos Humanos	Gerente de RRHH	Sede Central	Gestion de Riesgos y Oportunidades	Capacitaciones SGI	Capacitacion Realizada		8	30/06/2025
30/06/2025	40097	Cuevas Candela	Gerencia de Recursos Humanos	Gerente de RRHH	Sede Central	Matriz Legal	Propia del Puesto	Capacitacion Realizada		10	30/06/2025
07/07/2025	40006	Lezaola Cecilia	Gerencia de Recursos Humanos	Jefe de RRHH	Sede Central	Matriz Legal	Propia del Puesto	Capacitacion Realizada		10	07/07/2025
01/04/2026	40097	Cuevas Candela	Gerencia de Recursos Humanos	Gerente de RRHH	Sede Central	Matriz Legal	Capacitaciones SGI	Capacitacion Realizada		10	16/04/2026
01/04/2026	40006	Lezaola Cecilia	Gerencia de Recursos Humanos	Jefe de RRHH	Sede Central	Matriz Legal	Capacitaciones SGI	Capacitacion Realizada		10	20/04/2026
01/04/2026	40071	Pereira Agustina	Gerencia de Recursos Humanos	Jefe de Empleo	Sede Central	Matriz Legal	Capacitaciones SGI	Capacitación Realizada		10	15/04/2026
											
											
											
											
											
											
											
											
											
											
											
01/07/2026	40071	Pereira Agustina	Gerencia de Recursos Humanos	Jefe de empleo	Sede Central	PAU/02 Informacion Documentada	Capacitaciones SGI	Capacitacion Realizada		10	2026-07-06
01/07/2026	40006	Lezaola Cecilia	Gerencia de Recursos Humanos	Jefe de RRHH	Sede Central	PAU/02 Informacion Documentada	Capacitaciones SGI	Capacitación Programada			
12/08/2026	40097	Cuevas Candela	Gerencia de Recursos Humanos	Gerente de RRHH	Sede Central	Identificación de riesgos	Seguridad e Higiene	Capacitación Programada			
12/08/2026	40006	Lezaola Cecilia	Gerencia de Recursos Humanos	Jefe de RRHH	Sede Central	Identificación de riesgos	Seguridad e Higiene	Capacitación Programada			
12/08/2026	40071	Pereira Agustina	Gerencia de Recursos Humanos	Jefe de Empleo	Sede Central	Identificación de riesgos	Seguridad e Higiene	Capacitación Programada			
12/08/2026	11040	Gomez Diego	Gerencia de Recursos Humanos	Administrativo RRHH	Sede Central	Identificación de riesgos	Seguridad e Higiene	Capacitación Programada			
12/08/2026	40097	Cuevas Candela	Gerencia de Recursos Humanos	Gerente de RRHH	Sede Central	Sistema de autoprotección	Seguridad e Higiene	Capacitación Programada			
12/08/2026	40006	Lezaola Cecilia	Gerencia de Recursos Humanos	Jefe de RRHH	Sede Central	Sistema de autoprotección	Seguridad e Higiene	Capacitación Programada			
12/08/2026	40071	Pereira Agustina	Gerencia de Recursos Humanos	Jefe de Empleo	Sede Central	Sistema de autoprotección	Seguridad e Higiene	Capacitación Programada			
12/08/2026	11040	Gomez Diego	Gerencia de Recursos Humanos	Administrativo RRHH	Sede Central	Sistema de autoprotección	Seguridad e Higiene	Capacitación Programada			
19/08/2026	40097	Cuevas Candela	Gerencia de Recursos Humanos	Gerente de RRHH	Sede Central	Riesgo eléctrico en oficinas	Seguridad e Higiene	Capacitación Programada			
19/08/2026	40006	Lezaola Cecilia	Gerencia de Recursos Humanos	Jefe de RRHH	Sede Central	Riesgo eléctrico en oficinas	Seguridad e Higiene	Capacitación Programada			
19/08/2026	40071	Pereira Agustina	Gerencia de Recursos Humanos	Jefe de Empleo	Sede Central	Riesgo eléctrico en oficinas	Seguridad e Higiene	Capacitación Programada			
19/08/2026	11040	Gomez Diego	Gerencia de Recursos Humanos	Administrativo RRHH	Sede Central	Riesgo eléctrico en oficinas	Seguridad e Higiene	Capacitación Programada			
26/08/2026	40097	Cuevas Candela	Gerencia de Recursos Humanos	Gerente de RRHH	Sede Central	Manejo manual de cargas y ergonomía	Seguridad e Higiene	Capacitación Programada			
26/08/2026	40006	Lezaola Cecilia	Gerencia de Recursos Humanos	Jefe de RRHH	Sede Central	Manejo manual de cargas y ergonomía	Seguridad e Higiene	Capacitación Programada			
26/08/2026	40071	Pereira Agustina	Gerencia de Recursos Humanos	Jefe de Empleo	Sede Central	Manejo manual de cargas y ergonomía	Seguridad e Higiene	Capacitación Programada			
26/08/2026	11040	Gomez Diego	Gerencia de Recursos Humanos	Administrativo RRHH	Sede Central	Manejo manual de cargas y ergonomía	Seguridad e Higiene	Capacitación Programada			
05/05/2026	11816	Gozzo Mariano	Gerencia de Recursos Humanos	Tecnico SEH	Hudson	Contrato de Concesión	Capacitaciones SGI	Capacitacion Realizada		8	16/03/2026
05/05/2026	11816	Gozzo Mariano	Gerencia de Recursos Humanos	Tecnico SEH	Hudson	Reglamento del usuario	Capacitaciones SGI	Capacitacion Realizada		8	16/03/2026
05/05/2026	11816	Gozzo Mariano	Gerencia de Recursos Humanos	Tecnico SEH	Hudson	Reglamento de Explotacion	Capacitaciones SGI	Capacitacion Realizada		10	19/03/2026
05/05/2026	13015	Aranda Camila	Gerencia de Recursos Humanos	Tecnico SEH	Hudson	Contrato de Concesión	Capacitaciones SGI	Capacitación Realizada		10	16/03/2026
05/05/2026	13015	Aranda Camila	Gerencia de Recursos Humanos	Tecnico SEH	Hudson	Reglamento del usuario	Capacitaciones SGI	Capacitación Realizada		8	16/03/2026
05/05/2026	13015	Aranda Camila	Gerencia de Recursos Humanos	Tecnico SEH	Hudson	Reglamento de Explotacion	Capacitaciones SGI	Capacitación Realizada		8	16/03/2026
											
											
											
05/05/2026	40135	Polo Alejo	Gerencia de Recursos Humanos	Jefe de SEH	Hudson	Contrato de Concesión	Capacitaciones SGI	Capacitación Realizada		10	08/04/2026
05/05/2026	40135	Polo Alejo	Gerencia de Recursos Humanos	Jefe de SEH	Hudson	Reglamento del usuario	Capacitaciones SGI	Capacitación Realizada		10	08/04/2026
05/05/2026	40135	Polo Alejo	Gerencia de Recursos Humanos	Jefe de SEH	Hudson	Reglamento de Explotacion	Capacitaciones SGI	Capacitación Realizada		8	08/04/2026
05/05/2026	11816	Gozzo Mariano	Gerencia de Recursos Humanos	Tecnico SEH	Hudson	Introduccion SGI	Capacitaciones SGI	Capacitacion Realizada		10	29/05/2026
05/05/2026	11816	Gozzo Mariano	Gerencia de Recursos Humanos	Tecnico SEH	Hudson	Politica del SGI	Capacitaciones SGI	Capacitacion Realizada		10	29/05/2026
05/05/2026	11816	Gozzo Mariano	Gerencia de Recursos Humanos	Tecnico SEH	Hudson	PAU/05 Competencia y formación	Capacitaciones SGI	Capacitacion Realizada		10	2026-05-29
05/05/2026	13015	Aranda Camila	Gerencia de Recursos Humanos	Tecnico SEH	Hudson	Introduccion SGI	Capacitaciones SGI	Capacitacion Reprogramada	2026-07-31		
05/05/2026	13015	Aranda Camila	Gerencia de Recursos Humanos	Tecnico SEH	Hudson	Politica del SGI	Capacitaciones SGI	Capacitacion Reprogramada	2026-07-31		
05/05/2026	13015	Aranda Camila	Gerencia de Recursos Humanos	Tecnico SEH	Hudson	PAU/05 Competencia y formación	Capacitaciones SGI	Capacitacion Reprogramada	2026-07-31		
											
											
											
											
											
											
05/05/2026	40135	Polo Alejo	Gerencia de Recursos Humanos	Jefe de SEH	Hudson	Introduccion SGI	Capacitaciones SGI	Capacitación Realizada		10	29/05/2026
05/05/2026	40135	Polo Alejo	Gerencia de Recursos Humanos	Jefe de SEH	Hudson	Politica del SGI	Capacitaciones SGI	Capacitación Realizada	29/05/2026	10	
05/05/2026	40135	Polo Alejo	Gerencia de Recursos Humanos	Jefe de SEH	Hudson	PAU/05 Competencia y formación	Capacitaciones SGI	Capacitacion Realizada		10	2026-05-29
05/05/2026	13013	Morales Federico	Gerencia de Recursos Humanos	Responsable de SEH	Hudson	Politica del SGI	Capacitaciones SGI	Capacitacion Realizada		10	29/05/2026
05/05/2026	13013	Morales Federico	Gerencia de Recursos Humanos	Responsable de SEH	Hudson	Contrato de Concesión	Capacitaciones SGI	Capacitacion Realizada		8	14/04/2026
05/05/2026	13013	Morales Federico	Gerencia de Recursos Humanos	Responsable de SEH	Hudson	Reglamento del usuario	Capacitaciones SGI	Capacitacion Realizada		8	14/04/2026
05/05/2026	13013	Morales Federico	Gerencia de Recursos Humanos	Responsable de SEH	Hudson	Reglamento de Explotacion	Capacitaciones SGI	Capacitacion Realizada		8	08/04/2026
05/05/2026	13013	Morales Federico	Gerencia de Recursos Humanos	Responsable de SEH	Hudson	PAU/05 Competencia y formación	Capacitaciones SGI	Capacitacion Realizada		10	2026-06-01
02/09/2026	40097	Cuevas Candela	Gerencia de Recursos Humanos	Gerente de RRHH	Sede Central	Manejo seguro y responsable/Accidentes itinere.	Seguridad e Higiene	Capacitación Programada			
02/09/2026	40006	Lezaola Cecilia	Gerencia de Recursos Humanos	Jefe de RRHH	Sede Central	Manejo seguro y responsable/Accidentes itinere.	Seguridad e Higiene	Capacitación Programada			
02/09/2026	40071	Pereira Agustina	Gerencia de Recursos Humanos	Jefe de Empleo	Sede Central	Manejo seguro y reesponsable/Accidentes Itinere	Seguridad e Higiene	Capacitación Programada			
02/09/2026	11040	Gomez Diego	Gerencia de Recursos Humanos	Administrativo RRHH	Sede Central	Manejo seguro y reesponsable/Accidentes itinere	Seguridad e Higiene	Capacitación Programada			
18/05/2026	40097	Cuevas Candela	Gerencia de Recursos Humanos	Gerente de RRHH	Sede Central	PAU 05-Anexo 2 "Reclutamiento, selección, reemplazo y desvinculacion del personal"	Propia del Puesto	Capacitacion Realizada		8	19/05/2026
04/05/2026	40006	Lezaola Cecilia	Gerencia de Recursos Humanos	Jefe de RRHH	Sede Central	PAU 05-Anexo 2 "Reclutamiento, selección, reemplazo y desvinculacion del personal"	Propia del Puesto	Capacitacion Realizada		10	2026-06-01
18/05/2026	40071	Pereira Agustina	Gerencia de Recursos Humanos	Jefe de Empleo	Sede Central	PAU 05-Anexo 2 "Reclutamiento, selección, reemplazo y desvinculacion del personal"	Propia del Puesto	Capacitacion Realizada		8	21/05/2026
04/05/2026	11040	Gomez Diego	Gerencia de Recursos Humanos	Administrativo RRHH	Sede Central	PAU 05-Anexo 2 "Reclutamiento, selección, reemplazo y desvinculacion del personal"	Propia del Puesto	Capacitacion Realizada		8	2026-05-04
05/05/2026	13013	Morales Federico	Gerencia de Recursos Humanos	Responsable de SEH	Hudson	Introduccion SGI	Seguridad e Higiene	Capacitación Realizada		10	29/05/2026
05/05/2026	10985	Busso Hugo Cesar	Gerencia de Recursos Humanos	Tecnico SEH	Hudson	Introduccion SGI	Capacitaciones SGI	Capacitacion Realizada		10	2026-06-01
05/05/2026	10985	Busso Hugo Cesar	Gerencia de Recursos Humanos	Supervisor de Seguridad e Higiene	Hudson	Reglamento del usuario	Capacitaciones SGI	Capacitación Realizada		10	08/04/2026
05/05/2026	10985	Busso Hugo Cesar	Gerencia de Recursos Humanos	Tecnico SEH	Hudson	Contrato de Concesión	Capacitaciones SGI	Capacitación Realizada		10	08/04/2026
05/05/2026	10985	Busso Hugo Cesar	Gerencia de Recursos Humanos	Tecnico SEH	Hudson	Reglamento de Explotacion	Capacitaciones SGI	Capacitación Realizada		10	08/04/2026
05/05/2026	10985	Busso Hugo Cesar	Gerencia de Recursos Humanos	Tecnico SEH	Hudson	Politica del SGI	Capacitaciones SGI	Capacitacion Realizada		10	2026-06-01
05/05/2026	10985	Busso Hugo Cesar	Gerencia de Recursos Humanos	Tecnico SEH	Hudson	PAU/05 Competencia y formación	Capacitaciones SGI	Capacitacion Realizada		10	2026-06-01
18/05/2026	40097	Cuevas Candela	Gerencia de Recursos Humanos	Gerente de RRHH	Sede Central	PAU/05 Competencia y formación	Propia del Puesto	Capacitación Realizada		10	19/05/2026
31/07/2026	40135	Alejo Ivan Polo	Recursos Humanos	Jefatura Dpto. Higiene y Seguridad	Mant. Autopista	Mejora PAU/08, no conformidades y plan de mejoras 					
31/07/2026	40135	Alejo Ivan Polo	Recursos Humanos	Jefatura Dpto. Higiene y Seguridad	Mant. Autopista	Mejora PAU/08, no conformidades y plan de mejoras 					
31/07/2026	40135	Alejo Ivan Polo	Recursos Humanos	Jefatura Dpto. Higiene y Seguridad	Mant. Autopista	Mejora PAU/08, no conformidades y plan de mejoras 	Jefe	Capacitacion Realizada		10	12/06/2026
											
											
											
											
											
											
											
31/07/2026	40135	Alejo Ivan Polo	Recursos Humanos	Jefatura Dpto. Higiene y Seguridad	Mant. Autopista	Planificación PAU/04 Anexo 02, gestión de riesgos y oportunidades	Jefe	Capacitacion Realizada		8	12/06/2026
31/07/2026	40135	Alejo Ivan Polo	Recursos Humanos	Jefatura Dpto. Higiene y Seguridad	Mant. Autopista	Evaluación del desempeño PAU/07 Anexo 3 Indicadores de gestión / Anexo 4 Plan de auditoria interna  	Jefe	Capacitacion Realizada		9.6	12/06/2026
24/06/2026	13203	Manzano Martina	Recursos Humanos	Administrativo RRHH	Sede Central	Introducción SGI	Capacitaciones SGI	Capacitacion Realizada		10	24/06/2026
24/06/2026	13203	Manzano Martina	Recursos Humanos	Administrativo de RRHH	Sede Central	Política de gestión Integrada	Capacitaciones SGI	Capacitacion Realizada		10	24/06/2026
24/06/2026	13203	Manzano Martina	Recursos Humanos	Administrativo de RRHH	Sede Central	Introducción de la norma IRAM ISO 9001:2015 y 39001:2012	Capacitaciones SGI	Capacitacion Realizada		10	24/06/2026
24/06/2026	13203	Manzano Martina	Recursos Humanos	Administrativo de RRHH	Sede Central	PAU/08 "Mejora"	Capacitaciones SGI	Capacitacion Realizada		10	24/06/2026
25/06/2026	13203	Manzano Martina	Recursos Humanos	Administrativo de RRHH	Sede Central	PAU/05 "App"	Capacitaciones SGI	Capacitacion Realizada		10	25/06/2026
26/06/2026	13203	Manzano Martina	Recursos Humanos	Administrativo de RRHH	Sede Central	PAU 05-Anexo 2 "Reclutamiento, selección, reemplazo y desvinculacion del personal"	Propia del Puesto	Capacitacion Realizada		8	26/06/2026
26/06/2026	13203	Manzano Martina	Recursos Humanos	Administrativo de RRHH	Sede Central	Sistemas de autoprotección. Prevención y extinción de focos ígneos. Plan de acción ante emergencias.	Seguridad e Higiene	Capacitacion Realizada		10	26/06/2026
26/06/2026	13203	Manzano Martina	Recursos Humanos	Administrativo de RRHH	Sede Central	Sistemas de autoprotección. Prevención y extinción de focos ígneos. Plan de acción ante emergencias.	Seguridad e Higiene	Capacitacion Realizada		10	26/06/2026
