23/05/2025		Saldivar Brenda	Gerencia de Compras	Auxiliar de almacén	Sede Central	Gestion de Riesgos y Oportunidades	Capacitaciones SGI	Capacitación Realizada		10	26/05/2025
26/05/2025		Fernandez Fayolle, Pablo	Gerencia de Compras	Gerente de Compras	Sede Central	Gestion de Riesgos y Oportunidades	Capacitaciones SGI	Capacitación Realizada		10	26/05/2025
26/05/2025		Fittipaldi Mariana	Gerencia de Compras	Jefe de Compras	Sede Central	Gestion de Riesgos y Oportunidades	Capacitaciones SGI	Capacitación Realizada		10	26/05/2025
26/05/2025		Mazzoni Mario	Gerencia de Compras	Coordinador de Compras	Sede Central	Gestion de Riesgos y Oportunidades	Capacitaciones SGI	Capacitación Realizada		10	26/05/2025
26/05/2025		Burgos Gisela	Gerencia de Compras	Responsable de Licitaciones	Sede Central	Gestion de Riesgos y Oportunidades	Capacitaciones SGI	Capacitación Realizada		10	26/05/2025
26/05/2025		Moya Maria Victoria	Gerencia de Compras	Analista de Compras	Sede Central	Gestion de Riesgos y Oportunidades	Capacitaciones SGI	Capacitación Realizada		8,75	26/05/2025
26/05/2025		Villareal Mariela	Gerencia de Compras	Analista de Compras	Sede Central	Gestion de Riesgos y Oportunidades	Capacitaciones SGI	Capacitación Realizada		10	26/05/2025
03/06/2025		Amenta Liliana	Gerencia de Compras	Administrativo de Licitaciones	Sede Central	Gestion de Riesgos y Oportunidades	Capacitaciones SGI	Capacitación Realizada		10	03/06/2025
26/05/2025		Labombarda Emiliano	Gerencia de Compras	Analista de Compras	Sede Central	Gestion de Riesgos y Oportunidades	Capacitaciones SGI	Capacitación Realizada		8,75	26/05/2025
26/05/2025		Gil Aldana	Gerencia de Compras	Analista de Compras	Sede Central	Gestion de Riesgos y Oportunidades	Capacitaciones SGI	Capacitación Realizada		8,75	26/05/2025
26/05/2025		Techera Javier	Gerencia de Compras	Auxiliar de almacén	Sede Central	Gestion de Riesgos y Oportunidades	Capacitaciones SGI	Capacitación Realizada		8,75	26/05/2025
18/06/2025		Labombarda Emiliano	Gerencia de Compras	Analista de Compras	Sede Central	Reglamento de Explotacion	Capacitaciones SGI	Capacitación Realizada		8	16/07/2025
25/06/2025		Techera Javier	Gerencia de Compras	Auxiliar de almacén	Sede Central	Reglamento de Explotacion	Capacitaciones SGI	Capacitación Realizada		10	16/07/2025
											
25/06/2025		Gil Aldana	Gerencia de Compras	Analista de Compras	Sede Central	Reglamento de Explotacion	Propia del Puesto	Capacitación Realizada		8	16/07/2025
25/06/2025		Saldivar Brenda	Gerencia de Compras	Auxiliar de almacén	Sede Central	Reglamento de Explotacion	Capacitaciones SGI	Capacitación Realizada		10	16/07/2025
30/06/2025		Techera Javier	Gerencia de Compras	Auxiliar de almacén	Sede Central	Contrato de Concesión	Capacitaciones SGI	Capacitación Realizada		10	16/07/2025
		Labombarda Emiliano	Gerencia de Compras	Analista de Compras	Sede Central	Contrato de Concesión	Capacitaciones SGI	Capacitación Realizada		10	16/07/2025
30/06/2025		Gil Aldana	Gerencia de Compras	Analista de Compras	Sede Central	Contrato de Concesión	Capacitaciones SGI	Capacitación Realizada		10	16/07/2025
30/06/2025		Saldivar Brenda	Gerencia de Compras	Auxiliar de almacén	Sede Central	Contrato de Concesión	Capacitaciones SGI	Capacitación Realizada		10	16/07/2025
15/06/2025		Fernandez Fayolle, Pablo	Gerencia de Compras	Gerente de Compras	Sede Central	Riesgos en oficina	Seguridad e Higiene	Capacitación Realizada		10	14/07/2025
16/06/2025		Fittipaldi Mariana	Gerencia de Compras	Jefe de Compras	Sede Central	Riesgos en oficina	Seguridad e Higiene	Capacitación Realizada		10	14/07/2025
16/06/2025		Mazzoni Mario	Gerencia de Compras	Coordinador de Compras	Sede Central	Riesgos en oficina	Seguridad e Higiene	Capacitación Realizada		10	23/05/2025
16/06/2025		Moya Maria Victoria	Gerencia de Compras	Analista de Compras	Sede Central	Riesgos en oficina	Seguridad e Higiene	Capacitación Realizada		10	28/05/2025
16/06/2025		Villareal Mariela	Gerencia de Compras	Analista de Compras	Sede Central	Riesgos en oficina	Seguridad e Higiene	Capacitación Realizada		10	28/05/2025
16/06/2025		Garcia Carro Claudia	Gerencia de Compras	Analista de Compras	Sede Central	Riesgos en oficina	Seguridad e Higiene	Capacitación Realizada		10	22/05/2025
16/06/2025		Amenta Liliana	Gerencia de Compras	Administrativo de Licitaciones	Sede Central	Riesgos en oficina	Seguridad e Higiene	Capacitación Realizada		10	03/06/2025
16/06/2025		Labombarda Emiliano	Gerencia de Compras	Analista de Compras	Sede Central	Riesgos en oficina	Seguridad e Higiene	Capacitación Realizada		10	29/05/2025
16/06/2025		Burgos Gisela	Gerencia de Compras	Responsable de Licitaciones	Sede Central	Riesgos en oficina	Seguridad e Higiene	Capacitación Realizada		10	14/07/2025
16/06/2025		Gil Aldana	Gerencia de Compras	Analista de Compras	Sede Central	Riesgos en oficina	Seguridad e Higiene	Capacitación Realizada		10	29/05/2025
16/06/2025		Saldivar Brenda	Gerencia de Compras	Auxiliar de almacén	Sede Central	Riesgos en oficina	Seguridad e Higiene	Capacitación Realizada		10	16/07/2025
16/06/2025		Techera Javier	Gerencia de Compras	Auxiliar de almacén	Sede Central	Riesgos en oficina	Seguridad e Higiene	Capacitación Realizada		10	29/05/2025
17/06/2025		Fernandez Fayolle, Pablo	Gerencia de Compras	Gerente de Compras	Sede Central	Prevención de riesgos laborales	Seguridad e Higiene	Capacitación Realizada		8	14/07/2025
17/06/2025		Fittipaldi Mariana	Gerencia de Compras	Jefe de Compras	Sede Central	Prevención de riesgos laborales	Seguridad e Higiene	Capacitación Realizada		10	14/07/2025
17/06/2025		Mazzoni Mario	Gerencia de Compras	Coordinador de Compras	Sede Central	Prevención de riesgos laborales	Seguridad e Higiene	Capacitación Realizada		10	23/05/2025
17/06/2025		Moya Maria Victoria	Gerencia de Compras	Analista de Compras	Sede Central	Prevención de riesgos laborales	Seguridad e Higiene	Capacitación Realizada		9	28/05/2025
17/06/2025		Garcia Carro Claudia	Gerencia de Compras	Analista de Compras	Sede Central	Prevención de riesgos laborales	Seguridad e Higiene	Capacitación Realizada		8	22/05/2025
17/06/2025		Amenta Liliana	Gerencia de Compras	Administrativo de Licitaciones	Sede Central	Prevención de riesgos laborales	Seguridad e Higiene	Capacitación Realizada		10	03/06/2025
17/06/2025		Labombarda Emiliano	Gerencia de Compras	Analista de Compras	Sede Central	Prevención de riesgos laborales	Seguridad e Higiene	Capacitación Realizada		8	29/05/2025
17/06/2025		Burgos Gisela	Gerencia de Compras	Responsable de Licitaciones	Sede Central	Prevención de riesgos laborales	Seguridad e Higiene	Capacitación Realizada		10	14/07/2025
17/06/2025		Gil Aldana	Gerencia de Compras	Analista de Compras	Sede Central	Prevención de riesgos laborales	Seguridad e Higiene	Capacitación Realizada		8	29/05/2025
17/06/2025		Saldivar Brenda	Gerencia de Compras	Auxiliar de almacén	Sede Central	Prevención de riesgos laborales	Seguridad e Higiene	Capacitación Realizada		10	16/07/2025
17/06/2025		Techera Javier	Gerencia de Compras	Auxiliar de almacén	Sede Central	Prevención de riesgos laborales	Seguridad e Higiene	Capacitación Realizada		8	29/05/2025
18/06/2025		Fernandez Fayolle, Pablo	Gerencia de Compras	Gerente de Compras	Sede Central	Prevención de incendios y uso de extintores	Seguridad e Higiene	Capacitación Realizada		10	14/07/2025
18/06/2025		Fittipaldi Mariana	Gerencia de Compras	Jefe de Compras	Sede Central	Prevención de incendios y uso de extintores	Seguridad e Higiene	Capacitación Realizada		10	14/07/2025
18/06/2025		Mazzoni Mario	Gerencia de Compras	Coordinador de Compras	Sede Central	Prevención de incendios y uso de extintores	Seguridad e Higiene	Capacitación Realizada		10	23/05/2025
18/06/2025		Moya Maria Victoria	Gerencia de Compras	Analista de Compras	Sede Central	Prevención de incendios y uso de extintores	Seguridad e Higiene	Capacitación Realizada		10	28/05/2025
18/06/2025		Villareal Mariela	Gerencia de Compras	Analista de Compras	Sede Central	Prevención de incendios y uso de extintores	Seguridad e Higiene	Capacitación Realizada		10	28/05/2025
17/06/2025		Villareal Mariela	Gerencia de Compras	Analista de Compras	Sede Central	Prevención de riesgos laborales	Seguridad e Higiene	Capacitación Realizada		8	28/05/2025
18/06/2025		Garcia Carro Claudia	Gerencia de Compras	Analista de Compras	Sede Central	Prevención de incendios y uso de extintores	Seguridad e Higiene	Capacitación Realizada		10	22/05/2025
18/06/2025		Amenta Liliana	Gerencia de Compras	Administrativo de Licitaciones	Sede Central	Prevención de incendios y uso de extintores	Seguridad e Higiene	Capacitación Realizada		10	03/06/2025
18/06/2025		Labombarda Emiliano	Gerencia de Compras	Analista de Compras	Sede Central	Prevención de incendios y uso de extintores	Seguridad e Higiene	Capacitación Realizada		10	29/05/2025
18/06/2025		Burgos Gisela	Gerencia de Compras	Responsable de Licitaciones	Sede Central	Prevención de incendios y uso de extintores	Seguridad e Higiene	Capacitación Realizada		10	14/07/2025
18/06/2025		Gil Aldana	Gerencia de Compras	Analista de Compras	Sede Central	Prevención de incendios y uso de extintores	Seguridad e Higiene	Capacitación Realizada		10	29/05/2025
18/06/2025		Saldivar Brenda	Gerencia de Compras	Auxiliar de almacén	Sede Central	Prevención de incendios y uso de extintores	Seguridad e Higiene	Capacitación Realizada		10	16/07/2025
18/06/2025		Techera Javier	Gerencia de Compras	Auxiliar de almacén	Sede Central	Prevención de incendios y uso de extintores	Seguridad e Higiene	Capacitación Realizada		10	29/05/2025
25/07/2025		Fernandez Fayolle, Pablo	Gerencia de Compras	Gerente de Compras	Sede Central	Politica del SGI	Capacitaciones SGI	Capacitación Realizada		10	18/12/2025
25/07/2025		Fittipaldi Mariana	Gerencia de Compras	Jefe de Compras	Sede Central	Politica del SGI	Capacitaciones SGI	Capacitación Realizada		10	18/12/2025
25/07/2025		Mazzoni Mario	Gerencia de Compras	Coordinador de Compras	Sede Central	Politica del SGI	Capacitaciones SGI	Capacitación Realizada	17/12/2025	10	17/12/2025
25/07/2025		Moya Maria Victoria	Gerencia de Compras	Analista de Compras	Sede Central	Politica del SGI	Capacitaciones SGI	Capacitación Realizada		10	15/12/2025
25/07/2025		Villareal Mariela	Gerencia de Compras	Analista de Compras	Sede Central	Politica del SGI	Capacitaciones SGI	Capacitación Realizada	17/12/2025	10	17/12/2025
25/07/2025		Garcia Carro Claudia	Gerencia de Compras	Analista de Compras	Sede Central	Politica del SGI	Capacitaciones SGI	Capacitación Realizada	19/12/2025	8	19/12/2025
25/07/2025		Labombarda Emiliano	Gerencia de Compras	Analista de Compras	Sede Central	Politica del SGI	Capacitaciones SGI	Capacitación Realizada	19/12/2025	10	19/12/2025
25/07/2025		Gil Aldana	Gerencia de Compras	Analista de Compras	Sede Central	Politica del SGI	Capacitaciones SGI	Capacitación Realizada	19/12/2025	10	19/12/2025
25/07/2025		Burgos Gisela	Gerencia de Compras	Responsable de Licitaciones	Sede Central	Politica del SGI	Capacitaciones SGI	Capacitación Realizada	18/12/2025	10	18/12/2025
25/07/2025		Amenta Liliana	Gerencia de Compras	Administrativo de Licitaciones	Sede Central	Politica del SGI	Capacitaciones SGI	Capacitación Realizada		8	17/12/2025
25/07/2025		Techera Javier	Gerencia de Compras	Auxiliar de almacén	Sede Central	Politica del SGI	Capacitaciones SGI	Capacitación Realizada	19/12/2025	10	19/12/2025
											
25/07/2025		Labombarda Emiliano	Gerencia de Compras	Analista de Compras	Sede Central	PAU 08 Mejora	Capacitaciones SGI	Capacitación Realizada	19/12/2025		19/12/2025
25/07/2025		Gil Aldana	Gerencia de Compras	Analista de Compras	Sede Central	PAU 08 Mejora	Capacitaciones SGI	Capacitación Realizada	19/12/2025	10	19/12/2025
											
25/07/2025		Techera Javier	Gerencia de Compras	Auxiliar de almacén	Sede Central	PAU 08 Mejora	Capacitaciones SGI	Capacitación Realizada	19/12/2025	10	19/12/2025
											
											
25/07/2025		Gil Aldana	Gerencia de Compras	Analista de Compras	Sede Central	PAU 07  Indicadores de Gestión	Capacitaciones SGI	Capacitación Realizada	19/12/2025	10	19/12/2025
25/07/2025		Labombarda Emiliano	Gerencia de Compras	Analista de Compras	Sede Central	PAU 07  Indicadores de Gestión	Capacitaciones SGI	Capacitación Realizada	19/12/2025	10	19/12/2025
28/07/2025		Fernandez Fayolle, Pablo	Gerencia de Compras	Gerente de Compras	Sede Central	Ley Nacional de Transito 24449	Capacitaciones SGI	Capacitación Realizada		10	18/12/2025
28/07/2025		Fittipaldi Mariana	Gerencia de Compras	Jefe de Compras	Sede Central	Ley Nacional de Transito 24449	Capacitaciones SGI	Capacitación Realizada		10	18/12/2025
28/07/2025		Mazzoni Mario	Gerencia de Compras	Coordinador de Compras	Sede Central	Ley Nacional de Transito 24449	Capacitaciones SGI	Capacitación Realizada			18/12/2025
28/07/2025		Moya Maria Victoria	Gerencia de Compras	Analista de Compras	Sede Central	Ley Nacional de Transito 24449	Capacitaciones SGI	Capacitación Realizada		10	15/12/2025
28/07/2025		Villareal Mariela	Gerencia de Compras	Analista de Compras	Sede Central	Ley Nacional de Transito 24449	Capacitaciones SGI	Capacitación Realizada		10	17/12/2025
28/07/2025		Garcia Carro Claudia	Gerencia de Compras	Analista de Compras	Sede Central	Ley Nacional de Transito 24449	Capacitaciones SGI	Capacitación Realizada		10	19/12/2025
28/07/2025		Labombarda Emiliano	Gerencia de Compras	Analista de Compras	Sede Central	Ley Nacional de Transito 24449	Capacitaciones SGI	Capacitación Realizada		10	15/12/2025
28/07/2025		Gil Aldana	Gerencia de Compras	Analista de Compras	Sede Central	Ley Nacional de Transito 24449	Capacitaciones SGI	Capacitación Realizada		10	19/12/2025
28/07/2025		Burgos Gisela	Gerencia de Compras	Responsable de Licitaciones	Sede Central	Ley Nacional de Transito 24449	Capacitaciones SGI	Capacitación Realizada		10	18/12/2025
28/07/2025		Amenta Liliana	Gerencia de Compras	Administrativo de Licitaciones	Sede Central	Ley Nacional de Transito 24449	Capacitaciones SGI	Capacitación Realizada		10	18/12/2025
28/07/2025		Techera Javier	Gerencia de Compras	Auxiliar de almacén	Sede Central	Ley Nacional de Transito 24449	Capacitaciones SGI	Capacitación Realizada		10	19/12/2025
											
											
											
											
											
25/08/2025		Fernandez Fayolle, Pablo	Gerencia de Compras	Gerente de Compras	Sede Central	Reglamento General Contrataciones de autopistas de Buenos Aires	Propia del Puesto	Capacitación Realizada	19/12/2025	10	19/12/2025
26/08/2025		Fittipaldi Mariana	Gerencia de Compras	Jefe de Compras	Sede Central	Reglamento General Contrataciones de autopistas de Buenos Aires	Propia del Puesto	Capacitación Realizada	19/12/2025		19/12/2025
26/08/2025		Mazzoni Mario	Gerencia de Compras	Coordinador de Compras	Sede Central	Reglamento General Contrataciones de autopistas de Buenos Aires	Propia del Puesto	Capacitación Realizada	19/12/2025	10	19/12/2025
26/08/2025		Moya Maria Victoria	Gerencia de Compras	Analista de Compras	Sede Central	Reglamento General Contrataciones de autopistas de Buenos Aires	Propia del Puesto	Capacitación Realizada	19/12/2025	10	19/12/2025
26/08/2025		Villareal Mariela	Gerencia de Compras	Analista de Compras	Sede Central	Reglamento General Contrataciones de autopistas de Buenos Aires	Propia del Puesto	Capacitación Realizada	19/12/2025	10	19/12/2025
26/08/2025		Garcia Carro Claudia	Gerencia de Compras	Analista de Compras	Sede Central	Reglamento General Contrataciones de autopistas de Buenos Aires	Propia del Puesto	Capacitación Realizada	19/12/2025	10	19/12/2025
26/08/2025		Labombarda Emiliano	Gerencia de Compras	Analista de Compras	Sede Central	Reglamento General Contrataciones de autopistas de Buenos Aires	Propia del Puesto	Capacitación Realizada	19/12/2025	10	19/12/2025
26/08/2025		Gil Aldana	Gerencia de Compras	Analista de Compras	Sede Central	Reglamento General Contrataciones de autopistas de Buenos Aires	Propia del Puesto	Capacitación Realizada	19/12/2025		19/12/2025
26/08/2025		Burgos Gisela	Gerencia de Compras	Responsable de Licitaciones	Sede Central	Reglamento General Contrataciones de autopistas de Buenos Aires	Propia del Puesto	Capacitación Realizada	19/12/2025	10	19/12/2025
26/08/2025		Amenta Liliana	Gerencia de Compras	Administrativo de Licitaciones	Sede Central	Reglamento General Contrataciones de autopistas de Buenos Aires	Propia del Puesto	Capacitación Realizada	19/12/2025	10	19/01/2026
26/08/2025		Techera Javier	Gerencia de Compras	Auxiliar de almacén	Sede Central	Reglamento General Contrataciones de autopistas de Buenos Aires	Propia del Puesto	Capacitación Realizada	19/12/2025	10	19/12/2025
											
26/09/2025		Fernandez Fayolle, Pablo	Gerencia de Compras	Gerente de Compras	Sede Central	Manual de Procedimiento de Evaluación de Proveedores (PAU/06- A I	Propia del Puesto	Capacitación Realizada	19/12/2025	10	19/01/2026
26/09/2025		Fittipaldi Mariana	Gerencia de Compras	Jefe de Compras	Sede Central	Manual de Procedimiento de Evaluación de Proveedores (PAU/06- A I	Propia del Puesto	Capacitación Realizada	19/12/2025	10	19/12/2025
26/09/2025		Mazzoni Mario	Gerencia de Compras	Coordinador de Compras	Sede Central	Manual de Procedimiento de Evaluación de Proveedores (PAU/06- A I	Propia del Puesto	Capacitación Realizada	19/12/2025	10	19/01/2026
26/09/2025		Moya Maria Victoria	Gerencia de Compras	Analista de Compras	Sede Central	Manual de Procedimiento de Evaluación de Proveedores (PAU/06- A I	Propia del Puesto	Capacitación Realizada	19/12/2025	10	19/12/2025
26/09/2025		Villareal Mariela	Gerencia de Compras	Analista de Compras	Sede Central	Manual de Procedimiento de Evaluación de Proveedores (PAU/06- A I	Propia del Puesto	Capacitación Realizada	19/12/2025	10	19/12/2025
26/09/2025		Garcia Carro Claudia	Gerencia de Compras	Analista de Compras	Sede Central	Manual de Procedimiento de Evaluación de Proveedores (PAU/06- A I	Propia del Puesto	Capacitación Realizada	19/12/2025	10	19/12/2025
26/09/2025		Labombarda Emiliano	Gerencia de Compras	Analista de Compras	Sede Central	Manual de Procedimiento de Evaluación de Proveedores (PAU/06- A I	Propia del Puesto	Capacitación Realizada	19/12/2025	10	19/12/2025
26/09/2025		Gil Aldana	Gerencia de Compras	Analista de Compras	Sede Central	Manual de Procedimiento de Evaluación de Proveedores (PAU/06- A I	Propia del Puesto	Capacitación Realizada	19/12/2025	10	19/12/2025
26/09/2025		Burgos Gisela	Gerencia de Compras	Responsable de Licitaciones	Sede Central	Manual de Procedimiento de Evaluación de Proveedores (PAU/06- A I	Propia del Puesto	Capacitación Realizada	19/12/2025	10	19/12/2025
26/09/2025		Amenta Liliana	Gerencia de Compras	Administrativo de Licitaciones	Sede Central	Manual de Procedimiento de Evaluación de Proveedores (PAU/06- A I	Propia del Puesto	Capacitación Realizada	19/12/2025	10	19/12/2025
26/09/2025		Techera Javier	Gerencia de Compras	Auxiliar de almacén	Sede Central	Manual de Procedimiento de Evaluación de Proveedores (PAU/06- A I	Propia del Puesto	Capacitación Realizada	19/12/2025	10	19/12/2025
											
29/09/2025		Fernandez Fayolle, Pablo	Gerencia de Compras	Gerente de Compras	Sede Central	Pliegos de Bases y Condiciones de AUBASA	Propia del Puesto	Capacitación Realizada	19/12/2025		19/12/2025
29/09/2025		Fittipaldi Mariana	Gerencia de Compras	Jefe de Compras	Sede Central	Pliegos de Bases y Condiciones de AUBASA	Propia del Puesto	Capacitación Realizada	19/12/2025	10	19/12/2025
29/09/2025		Mazzoni Mario	Gerencia de Compras	Coordinador de Compras	Sede Central	Pliegos de Bases y Condiciones de AUBASA	Propia del Puesto	Capacitación Realizada	19/12/2025		19/01/2026
29/09/2025		Moya Maria Victoria	Gerencia de Compras	Analista de Compras	Sede Central	Pliegos de Bases y Condiciones de AUBASA	Propia del Puesto	Capacitación Realizada	19/12/2025	10	19/12/2025
29/09/2025		Villareal Mariela	Gerencia de Compras	Analista de Compras	Sede Central	Pliegos de Bases y Condiciones de AUBASA	Propia del Puesto	Capacitación Realizada	19/12/2025	10	19/12/2025
29/09/2025		Garcia Carro Claudia	Gerencia de Compras	Analista de Compras	Sede Central	Pliegos de Bases y Condiciones de AUBASA	Propia del Puesto	Capacitación Realizada	19/12/2025	10	19/12/2025
29/09/2025		Labombarda Emiliano	Gerencia de Compras	Analista de Compras	Sede Central	Pliegos de Bases y Condiciones de AUBASA	Propia del Puesto	Capacitación Realizada	19/12/2025	10	19/12/2025
29/09/2025		Gil Aldana	Gerencia de Compras	Analista de Compras	Sede Central	Pliegos de Bases y Condiciones de AUBASA	Propia del Puesto	Capacitación Realizada	19/12/2025	10	19/12/2025
29/09/2025		Burgos Gisela	Gerencia de Compras	Responsable de Licitaciones	Sede Central	Pliegos de Bases y Condiciones de AUBASA	Propia del Puesto	Capacitación Realizada	19/12/2025	10	19/12/2025
29/09/2025		Amenta Liliana	Gerencia de Compras	Administrativo de Licitaciones	Sede Central	Pliegos de Bases y Condiciones de AUBASA	Propia del Puesto	Capacitación Realizada	19/12/2025	10	19/12/2025
29/09/2025		Techera Javier	Gerencia de Compras	Auxiliar de almacén	Sede Central	Pliegos de Bases y Condiciones de AUBASA	Propia del Puesto	Capacitación Realizada	19/12/2025	10	19/12/2025
											
24/09/2025		Fernandez Fayolle, Pablo	Gerencia de Compras	Gerente de Compras	Sede Central	Manual de Compras	Propia del Puesto	Capacitación Realizada	19/12/2025	10	19/12/2025
16/09/2025		Fittipaldi Mariana	Gerencia de Compras	Jefe de Compras	Sede Central	Manual de Compras	Propia del Puesto	Capacitación Realizada	19/12/2025	10	19/12/2025
16/09/2025		Mazzoni Mario	Gerencia de Compras	Coordinador de Compras	Sede Central	Manual de Compras	Propia del Puesto	Capacitación Realizada	19/12/2025	10	19/12/2025
16/09/2025		Moya Maria Victoria	Gerencia de Compras	Analista de Compras	Sede Central	Manual de procedimiento de compras	Propia del Puesto	Capacitación Realizada	19/12/2025	10	19/12/2025
16/09/2025		Villareal Mariela	Gerencia de Compras	Analista de Compras	Sede Central	Manual de Compras	Propia del Puesto	Capacitación Realizada	19/12/2025	10	19/12/2025
16/09/2025		Garcia Carro Claudia	Gerencia de Compras	Analista de Compras	Sede Central	Manual de Compras	Propia del Puesto	Capacitación Realizada	19/12/2025		19/12/2025
16/09/2025		Labombarda Emiliano	Gerencia de Compras	Analista de Compras	Sede Central	Manual de Compras	Propia del Puesto	Capacitación Realizada	19/12/2025	10	19/12/2025
16/09/2025		Gil Aldana	Gerencia de Compras	Analista de Compras	Sede Central	Manual de Compras	Propia del Puesto	Capacitación Realizada	19/12/2025	10	19/12/2025
16/09/2025		Burgos Gisela	Gerencia de Compras	Responsable de Licitaciones	Sede Central	Manual de Compras	Propia del Puesto	Capacitación Realizada	19/12/2025	10	19/12/2025
16/09/2025		Amenta Liliana	Gerencia de Compras	Administrativo de Licitaciones	Sede Central	Manual de Compras	Propia del Puesto	Capacitación Realizada	19/12/2025	10	19/12/2025
16/09/2025		Techera Javier	Gerencia de Compras	Auxiliar de almacén	Sede Central	Manual de Compras	Propia del Puesto	Capacitación Realizada	19/12/2025	10	19/12/2025
											
23/09/2025		Mazzoni Mario	Gerencia de Compras	Coordinador de Compras	Sede Central	Armado de Expedientes digitales	Propia del Puesto	Capacitación Realizada	19/12/2025	10	19/12/2025
23/09/2025		Moya Maria Victoria	Gerencia de Compras	Analista de Compras	Sede Central	Armado de Expedientes digitales	Propia del Puesto	Capacitación Realizada	19/12/2025	10	19/12/2025
23/09/2025		Garcia Carro Claudia	Gerencia de Compras	Analista de Compras	Sede Central	Armado de Expedientes digitales	Propia del Puesto	Capacitación Realizada	19/12/2025	10	19/12/2025
23/09/2025		Labombarda Emiliano	Gerencia de Compras	Analista de Compras	Sede Central	Armado de Expedientes digitales	Propia del Puesto	Capacitación Realizada	19/12/2025	10	19/12/2025
23/09/2025		Gil Aldana	Gerencia de Compras	Analista de Compras	Sede Central	Armado de Expedientes digitales	Propia del Puesto	Capacitación Realizada	19/12/2025	10	19/12/2025
26/09/2025		Fittipaldi Mariana	Gerencia de Compras	Jefe de Compras	Sede Central	Registro de Proveedores de la Provincia de Buenos Aires	Propia del Puesto	Capacitación Realizada	19/12/2025	10	19/12/2025
24/09/2025		Burgos Gisela	Gerencia de Compras	Responsable de Licitaciones	Sede Central	Registro de Proveedores de la Provincia de Buenos Aires	Propia del Puesto	Capacitación Realizada	19/12/2025	10	19/12/2025
24/09/2025		Mazzoni Mario	Gerencia de Compras	Coordinador de Compras	Sede Central	Registro de Proveedores de la Provincia de Buenos Aires	Propia del Puesto	Capacitación Realizada	19/12/2025	10	19/12/2025
24/09/2025		Moya Maria Victoria	Gerencia de Compras	Analista de Compras	Sede Central	Registro de Proveedores de la Provincia de Buenos Aires	Propia del Puesto	Capacitación Realizada	19/12/2025	10	19/12/2025
24/09/2025		Garcia Carro Claudia	Gerencia de Compras	Analista de Compras	Sede Central	Registro de Proveedores de la Provincia de Buenos Aires	Propia del Puesto	Capacitación Realizada	19/12/2025	10	19/12/2025
24/09/2025		Labombarda Emiliano	Gerencia de Compras	Analista de Compras	Sede Central	Registro de Proveedores de la Provincia de Buenos Aires	Propia del Puesto	Capacitación Realizada	19/12/2025	10	19/12/2025
24/09/2025		Gil Aldana	Gerencia de Compras	Analista de Compras	Sede Central	Registro de Proveedores de la Provincia de Buenos Aires	Propia del Puesto	Capacitación Realizada	19/12/2025	10	19/12/2025
											
											
08/07/2025		Fernandez Fayolle, Pablo	Gerencia de Compras	Gerente de Compras	Sede Central	PAU/02 Informacion Documentada	Capacitaciones SGI	Capacitación Realizada		10	08/07/2025
08/07/2025		Moya Maria Victoria	Gerencia de Compras	Analista de Compras	Sede Central	PAU/02 Informacion Documentada	Capacitaciones SGI	Capacitación Realizada		8	08/07/2025
08/07/2025		Labombarda Emiliano	Gerencia de Compras	Analista de Compras	Sede Central	PAU/02 Informacion Documentada	Capacitaciones SGI	Capacitación Realizada		10	08/07/2025
08/07/2025		Fittipaldi Mariana	Gerencia de Compras	Jefe de Compras	Sede Central	PAU/02 Informacion Documentada	Capacitaciones SGI	Capacitación Realizada		8	08/07/2025
08/07/2025		Mazzoni Mario	Gerencia de Compras	Coordinador de Compras	Sede Central	PAU/02 Informacion Documentada	Capacitaciones SGI	Capacitación Realizada		10	08/07/2025
08/07/2025		Villareal Mariela	Gerencia de Compras	Gerente de Compras	Sede Central	PAU/02 Informacion Documentada	Capacitaciones SGI	Capacitación Realizada		10	08/07/2025
08/07/2025		Techera Javier	Gerencia de Compras	Auxiliar de almacén	Sede Central	PAU/02 Informacion Documentada	Capacitaciones SGI	Capacitación Realizada		10	08/07/2025
08/07/2025		Amenta Liliana	Gerencia de Compras	Administrativo de Licitaciones	Sede Central	PAU/02 Informacion Documentada	Capacitaciones SGI	Capacitación Realizada		10	08/07/2025
08/07/2025		Garcia Carro Claudia	Gerencia de Compras	Analista de Compras	Sede Central	PAU/02 Informacion Documentada	Capacitaciones SGI	Capacitación Realizada		10	08/07/2025
08/07/2025		Gil Aldana	Gerencia de Compras	Analista de Compras	Sede Central	PAU/02 Informacion Documentada	Capacitaciones SGI	Capacitación Realizada		10	08/07/2025
											
											
											
											
											
											
											
											
											
											
											
											
16/07/2025		Saldivar Brenda	Gerencia de Compras	Auxiliar de almacén	Sede Central	Contrato de Concesión	Capacitaciones SGI	Capacitación Realizada		10	16/07/2025
16/07/2025		Techera Javier	Gerencia de Compras	Auxiliar de almacén	Sede Central	Contrato de Concesión	Capacitaciones SGI	Capacitación Realizada		10	16/07/2025
16/07/2025		Gil Aldana	Gerencia de Compras	Analista de Compras	Sede Central	Contrato de Concesión	Capacitaciones SGI	Capacitación Realizada		10	16/07/2025
16/07/2025		Labombarda Emiliano	Gerencia de Compras	Analista de Compras	Sede Central	Contrato de Concesión	Capacitaciones SGI	Capacitación Realizada		10	16/07/2025
16/07/2025		Saldivar Brenda	Gerencia de Compras	Auxiliar de almacén	Sede Central	Reglamento de Explotacion	Capacitaciones SGI	Capacitación Realizada		10	16/07/2025
16/07/2025		Gil Aldana	Gerencia de Compras	Analista de Compras	Sede Central	Reglamento de Explotacion	Capacitaciones SGI	Capacitación Realizada		8	16/07/2025
16/07/2025		Labombarda Emiliano	Gerencia de Compras	Analista de Compras	Sede Central	Reglamento de Explotacion	Capacitaciones SGI	Capacitación Realizada		8	16/07/2025
16/07/2025		Techera Javier	Gerencia de Compras	Auxiliar de almacén	Sede Central	Reglamento de Explotacion	Capacitaciones SGI	Capacitación Realizada		8	16/07/2025
											
16/07/2025		Burgos Gisela	Gerencia de Compras	Responsable de Licitaciones	Sede Central	PAU/02 Informacion Documentada	Capacitaciones SGI	Capacitación Realizada		10	16/07/2025
											
16/07/2025		Saldivar Brenda	Gerencia de Compras	Auxiliar de almacén	Sede Central	PAU/02 Informacion Documentada	Capacitaciones SGI	Capacitación Realizada		10	16/07/2025
26/05/2025		Amenta Liliana	Gerencia de Compras	Administrativo de Licitaciones	Sede Central	Gestion de Riesgos y Oportunidades	Capacitaciones SGI	Capacitación Realizada		10	26/05/2025
26/05/2025		Garcia Carro Claudia	Gerencia de Compras	Analista de Compras	Sede Central	Gestion de Riesgos y Oportunidades	Capacitaciones SGI	Capacitación Realizada		10	26/05/2025
14/07/2025		Fernandez Fayolle, Pablo	Gerencia de Compras	Gerente de Compras	Sede Central	Manual de Procedimiento de Evaluación de Proveedores (PAU/06- A I	Propia del Puesto	Capacitación Realizada		10	17/07/2025
14/07/2025		Fittipaldi Mariana	Gerencia de Compras	Jefe de Compras	Sede Central	Manual de Procedimiento de Evaluación de Proveedores (PAU/06- A I	Propia del Puesto	Capacitación Realizada		10	17/07/2025
14/07/2025		Amenta Liliana	Gerencia de Compras	Administrativo de Licitaciones	Sede Central	Manual de Procedimiento de Evaluación de Proveedores (PAU/06- A I	Propia del Puesto	Capacitación Realizada		10	17/07/2025
14/07/2025		Mazzoni Mario	Gerencia de Compras	Coordinador de Compras	Sede Central	Manual de procedimiento de Evaluacion de proveedores PAU 06 Anexo 1	Propia del Puesto	Capacitación Realizada		10	17/07/2025
14/07/2025	10666	Villareal Mariela	Gerencia de Compras	Analista de Compras	Sede Central	Manual de Procedimiento de Evaluación de Proveedores (PAU/06- A I	Propia del Puesto	Capacitación Realizada		10	17/07/2025
17/07/2025		Burgos Gisela	Gerencia de Compras	Analista de Compras	Sede Central	Manual de Procedimiento de Evaluación de Proveedores (PAU/06- A I	Propia del Puesto	Capacitación Realizada		10	17/07/2025
03/08/2026		Burgos Gisela	Gerencia de Compras	Responsable de Licitaciones	Sede Central	Uso de GLM (Externo)	Propia del Puesto	Capacitación Programada	2026-08-03		
											
26/08/2026		Fittipaldi Mariana	Gerencia de Compras	Jefe de Compras	Sede Central	Uso de GLM (Externo)	Propia del Puesto	Capacitación Programada	2026-08-03		
25/08/2026		Fernandez Fayolle, Pablo	Gerencia de Compras	Gerente de Compras	Sede Central	Uso de GLM (Externo)	Propia del Puesto	Capacitación Programada			
											
											
03/08/2026		Garcia Carro Claudia	Gerencia de Compras	Analista de Compras	Sede Central	Uso de GLM (Externo)	Propia del Puesto	Capacitación Programada	2026-08-03		
25/08/2026		Gil Aldana	Gerencia de Compras	Analista de Compras	Sede Central	Uso de GLM (Externo)	Propia del Puesto	Capacitación Programada			
25/08/2026		Osisnalde Pablo	Gerencia de Compras	Analista de Compras	Sede Central	Uso de GLM (Externo)	Propia del Puesto	Capacitación Programada			
25/08/2026		Moya Maria Victoria	Gerencia de Compras	Analista de Compras	Sede Central	Uso de GLM (Externo)	Propia del Puesto	Capacitación Programada			
07/12/2026		Ruiz Diaz Mara	Gerencia de Compras	Administrativo de Licitaciones	Sede Central	Uso de GLM (Externo)	Propia del Puesto	Capacitación Programada			
25/08/2026		Mazzoni Mario	Gerencia de Compras	Coordinador de Compras	Sede Central	Uso de GLM (Externo)	Propia del Puesto	Capacitación Programada			
25/08/2026		Labarta Joaquin	Gerencia de Compras	Analista de Compras	Sede Central	Uso de GLM (Externo)	Propia del Puesto	Capacitación Programada			
02/06/2026		Osisnalde Pablo	Gerencia de Compras	Analista de Compras	Sede Central	Reglamento de Explotacion	Propia del Puesto	Capacitacion Realizada		10	02/06/2026
19/05/2026		Ruiz Diaz Mara	Gerencia de Compras	Administrativo de Licitaciones	Sede Central	Reglamento de Explotacion	Propia del Puesto	Capacitación Realizada		10	19/05/2026
11/05/2026		Villareal Mariela	Gerencia de Compras	Analista de Compras	Sede Central	Contrato de Concesión	Propia del Puesto	Capacitación Programada			
11/05/2026		Osisnalde Pablo	Gerencia de Compras	Analista de Compras	Sede Central	Contrato de Concesión	Propia del Puesto	Capacitación Realizada		10	26/05/2026
11/05/2026		Ruiz Diaz Mara	Gerencia de Compras	Administrativo de Licitaciones	Sede Central	Contrato de Concesión	Propia del Puesto	Capacitación Realizada		8	11/05/2026
11/05/2026		Labarta Joaquin	Gerencia de Compras	Analista de Compras	Sede Central	Contrato de Concesión	Propia del Puesto	Capacitación Realizada		10	2026-05-11
14/10/2026		Fernandez Fayolle, Pablo	Gerencia de Compras	Gerente de Compras	Sede Central	Politica del SGI	Capacitaciones SGI	Capacitación Programada			
03/08/2026		Fittipaldi Mariana	Gerencia de Compras	Jefe de Compras	Sede Central	Politica del SGI	Capacitaciones SGI	Capacitación Programada	2026-08-03		
13/05/2026		Mazzoni Mario	Gerencia de Compras	Coordinador de Compras	Sede Central	Politica del SGI	Capacitaciones SGI	Capacitación Realizada	22/05/2026	10	22/05/2026
13/05/2026		Villareal Mariela	Gerencia de Compras	Analista de Compras	Sede Central	Politica del SGI	Capacitaciones SGI	Capacitación Programada			
27/05/2026		Moya Maria Victoria	Gerencia de Compras	Analista de Compras	Sede Central	Politica del SGI	Capacitaciones SGI	Capacitacion Realizada		8	27/05/2026
03/08/2026		Garcia Carro Claudia	Gerencia de Compras	Analista de Compras	Sede Central	Politica del SGI	Capacitaciones SGI	Capacitación Programada	2026-08-03		
13/05/2026		Gil Aldana	Gerencia de Compras	Analista de Compras	Sede Central	Politica del SGI	Capacitaciones SGI	Capacitación Realizada		10	13/05/2026
13/05/2026		Osisnalde Pablo	Gerencia de Compras	Analista de Compras	Sede Central	Politica del SGI	Capacitaciones SGI	Capacitación Realizada		10	2026-05-27
13/05/2026		Ruiz Diaz Mara	Gerencia de Compras	Administrativo de Licitaciones	Sede Central	Politica del SGI	Capacitaciones SGI	Capacitación Realizada		10	2026-05-13
25/08/2026		Labarta Joaquin	Gerencia de Compras	Analista de Compras	Sede Central	Politica del SGI	Capacitaciones SGI	Capacitación Programada			
22/10/2026		Labarta Joaquin	Gerencia de Compras	Analista de Compras	Sede Central	Politica del SGI	Capacitaciones SGI	Capacitación Programada			
03/07/2026		Osisnalde Pablo	Gerencia de Compras	Analista de Compras	Sede Central	Introduccion SGI	Capacitaciones SGI	Capacitación Realizada		10	2026-05-26
25/08/2026		Villareal Mariela	Gerencia de Compras	Analista de Compras	Sede Central	Uso de GLM (Externo)	Capacitaciones SGI	Capacitación Programada			
03/07/2026		Ruiz Diaz Mara	Gerencia de Compras	Administrativo de Licitaciones	Sede Central	Introduccion SGI	Capacitaciones SGI	Capacitacion Realizada		8	2026-05-26
03/07/2026		Moya Maria Victoria	Gerencia de Compras	Analista de Compras	Sede Central	Introduccion SGI	Capacitaciones SGI	Capacitación Programada			
03/07/2026		Labarta Joaquin	Gerencia de Compras	Analista de Compras	Sede Central	Introduccion SGI	Capacitaciones SGI	Capacitación Programada			
19/05/2026		Villareal Mariela	Gerencia de Compras	Analista de Compras	Sede Central	Reglamento de Explotacion	Propia del Puesto	Capacitación Programada			
19/05/2026		Labarta Joaquin	Gerencia de Compras	Analista de Compras	Sede Central	Reglamento de Explotacion	Propia del Puesto	Capacitación Realizada		10	2026-05-19
14/10/2026		Fernandez Fayolle, Pablo	Gerencia de Compras	Gerente de Compras	Sede Central	Gestion de Riesgos y Oportunidades	Capacitaciones SGI	Capacitación Programada			
03/08/2026		Fittipaldi Mariana	Gerencia de Compras	Jefe de Compras	Sede Central	Gestion de Riesgos y Oportunidades	Capacitaciones SGI	Capacitación Programada	2026-08-03		
03/08/2026		Mazzoni Mario	Gerencia de Compras	Coordinador de Compras	Sede Central	Gestion de Riesgos y Oportunidades	Capacitaciones SGI	Capacitación Programada			
18/05/2026		Villareal Mariela	Gerencia de Compras	Analista de Compras	Sede Central	Gestion de Riesgos y Oportunidades	Capacitaciones SGI	Capacitación Programada			
											
03/08/2026		Garcia Carro Claudia	Gerencia de Compras	Analista de Compras	Sede Central	Gestion de Riesgos y Oportunidades	Capacitaciones SGI	Capacitación Programada	2026-08-03		
18/05/2026		Osisnalde Pablo	Gerencia de Compras	Analista de Compras	Sede Central	Gestion de Riesgos y Oportunidades	Capacitaciones SGI	Capacitacion Realizada		10	18/05/2026
18/05/2026		Ruiz Diaz Mara	Gerencia de Compras	Administrativo de Licitaciones	Sede Central	Gestion de Riesgos y Oportunidades	Capacitaciones SGI	Capacitación Realizada		7,5	18/05/2026
03/08/2026		Gil Aldana	Gerencia de Compras	Analista de Compras	Sede Central	Gestion de Riesgos y Oportunidades	Capacitaciones SGI	Capacitación Programada	2026-08-03		
03/08/2026		Moya Maria Victoria	Gerencia de Compras	Analista de Compras	Sede Central	Gestion de Riesgos y Oportunidades	Capacitaciones SGI	Capacitación Programada			
22/05/2026		Osisnalde Pablo	Gerencia de Compras	Analista de Compras	Sede Central	PAU 08 Mejora	Capacitaciones SGI	Capacitación Realizada		10	27/05/2026
22/10/2026		Labarta Joaquin	Gerencia de Compras	Analista de Compras	Sede Central	Gestion de Riesgos y Oportunidades	Capacitaciones SGI	Capacitación Programada			
22/05/2026		Ruiz Diaz Mara	Gerencia de Compras	Administrativo de Licitaciones	Sede Central	PAU 08 Mejora	Capacitaciones SGI	Capacitación Realizada		10	22/05/2026
22/05/2026		Labarta Joaquin	Gerencia de Compras	Analista de Compras	Sede Central	PAU 08 Mejora	Capacitaciones SGI	Capacitación Programada			
22/05/2026		Villareal Mariela	Gerencia de Compras	Analista de Compras	Sede Central	PAU 08 Mejora	Capacitaciones SGI	Capacitación Programada			
											
08/06/2026		Labarta Joaquin	Gerencia de Compras	Analista de Compras	Sede Central	Ley Nacional de Tránsito N°24449 Decreto N° 32/2018 Certificado de homologación de autopartes de seguridad (C.H.A.S.).	Propia del Puesto	Capacitacion Realizada		10	2026-05-20
20/05/2026		Osisnalde Pablo	Gerencia de Compras	Analista de Compras	Sede Central	ITAU 04/05 Gestión de Seguridad Vial	Propia del Puesto	Capacitación Realizada		10	20/05/2026
28/05/2026		Villareal Mariela	Gerencia de Compras	Analista de Compras	Sede Central	PAU 07  Indicadores de Gestión	Capacitaciones SGI	Capacitación Programada			
10/05/2026		Ruiz Diaz Mara	Gerencia de Compras	Administrativo de Licitaciones	Sede Central	ITAU 04/05 Gestión de Seguridad Vial	Propia del Puesto	Capacitación Realizada		10	10/05/2026
20/11/2026		Labarta Joaquin	Gerencia de Compras	Analista de Compras	Sede Central	ITAU 04/05 Gestión de Seguridad Vial	Propia del Puesto	Capacitación Programada			
28/05/2026		Osisnalde Pablo	Gerencia de Compras	Analista de Compras	Sede Central	PAU 07  Indicadores de Gestión	Capacitaciones SGI	Capacitación Realizada		10	2026-06-03
28/05/2026		Ruiz Diaz Mara	Gerencia de Compras	Administrativo de Licitaciones	Sede Central	PAU 07  Indicadores de Gestión	Capacitaciones SGI	Capacitación Realizada		8	2026-05-27
03/08/2026		Gil Aldana	Gerencia de Compras	Analista de Compras	Sede Central	ITAU 04/05 Gestión de Seguridad Vial	Propia del Puesto	Capacitación Programada	2026-08-03		
28/05/2026		Labarta Joaquin	Gerencia de Compras	Analista de Compras	Sede Central	PAU 07  Indicadores de Gestión	Capacitaciones SGI	Capacitación Programada			
02/06/2026		Osisnalde Pablo	Gerencia de Compras	Analista de Compras	Sede Central	Reglamento General Contrataciones de autopistas de Buenos Aires	Propia del Puesto	Capacitacion Realizada		10	2026-06-02
03/08/2026		Mazzoni Mario	Gerencia de Compras	Coordinador de Compras	Sede Central	Reglamento del usuario	Propia del Puesto	Capacitación Programada			
15/06/2026		Ruiz Diaz Mara	Gerencia de Compras	Administrativo de Licitaciones	Sede Central	Reglamento General Contrataciones de autopistas de Buenos Aires	Propia del Puesto	Capacitación Realizada		10	2026-05-26
12/06/2026		Villareal Mariela	Gerencia de Compras	Analista de Compras	Sede Central	Reglamento del usuario	Propia del Puesto	Capacitación Programada			
13/07/2026		Garcia Carro Claudia	Gerencia de Compras	Analista de Compras	Sede Central	Reglamento del usuario	Propia del Puesto	Capacitación Programada	2026-07-13		
21/08/2026		Labarta Joaquin	Gerencia de Compras	Analista de Compras	Sede Central	Reglamento General Contrataciones de autopistas de Buenos Aires	Propia del Puesto	Capacitación Programada			
12/05/2026		Osisnalde Pablo	Gerencia de Compras	Analista de Compras	Sede Central	Reglamento del usuario	Propia del Puesto	Capacitación Realizada		10	12/05/2026
20/05/2026		Ruiz Diaz Mara	Gerencia de Compras	Administrativo de Licitaciones	Sede Central	Reglamento del usuario	Propia del Puesto	Capacitación Realizada		10	20/05/2026
03/08/2026		Gil Aldana	Gerencia de Compras	Analista de Compras	Sede Central	Reglamento del usuario	Propia del Puesto	Capacitación Programada	2026-08-03		
12/06/2026		Labarta Joaquin	Gerencia de Compras	Analista de Compras	Sede Central	Reglamento del usuario	Propia del Puesto	Capacitación Realizada		10	2026-06-03
16/12/2026		Fernandez Fayolle, Pablo	Gerencia de Compras	Gerente de Compras	Sede Central	Manual de Procedimiento de Evaluación de Proveedores (PAU/06- A I	Propia del Puesto	Capacitación Programada			
07/12/2026		Fittipaldi Mariana	Gerencia de Compras	Jefe de compras	Sede Central	Manual de Procedimiento de Evaluación de Proveedores (PAU/06- A I	Propia del Puesto	Capacitación Programada	2026-12-07		
07/12/2026		Burgos Gisela	Gerencia de Compras	Responsable de licitaciones	Sede Central	Manual de Procedimiento de Evaluación de Proveedores (PAU/06- A I	Propia del Puesto	Capacitación Programada	2026-12-07		
03/12/2026		Mazzoni Mario	Gerencia de Compras	Coordinador de Compras	Sede Central	Manual de Procedimiento de Evaluación de Proveedores (PAU/06- A I	Propia del Puesto	Capacitación Programada			
01/05/2026		Villareal Mariela	Gerencia de Compras	Analista de Compras	Sede Central	Manual de Procedimiento de Evaluación de Proveedores (PAU/06- A I	Propia del Puesto	Capacitación Programada			
02/12/2026		Moya Maria Victoria	Gerencia de Compras	Analista de Compras	Sede Central	Manual de procedimiento de Evaluacion de proveedores PAU 06 Anexo 1	Propia del Puesto	Capacitación Programada			
07/12/2026		Garcia Carro Claudia	Gerencia de Compras	Analista de Compras	Sede Central	Manual de Procedimiento de Evaluación de Proveedores (PAU/06- A I	Propia del Puesto	Capacitación Programada	2026-11-07		
02/06/2026		Osisnalde Pablo	Gerencia de Compras	Analista de Compras	Sede Central	Manual de Procedimiento de Evaluación de Proveedores (PAU/06- A I	Propia del Puesto	Capacitacion Realizada		9	2026-06-02
15/12/2026		Labarta Joaquin	Gerencia de Compras	Analista de Compras	Sede Central	Manual de Procedimiento de Evaluación de Proveedores (PAU/06- A I	Propia del Puesto	Capacitación Programada			
01/05/2026		Ruiz Diaz Mara	Gerencia de Compras	Administrativo de Licitaciones	Sede Central	Manual de Procedimiento de Evaluación de Proveedores (PAU/06- A I	Propia del Puesto	Capacitacion Realizada		10	2026-05-04
07/12/2026		Gil Aldana	Gerencia de Compras	Analista de Compras	Sede Central	Manual de Procedimiento de Evaluación de Proveedores (PAU/06- A I	Propia del Puesto	Capacitación Programada	2026-10-07		
06/08/2026		Osisnalde Pablo	Gerencia de Compras	Analista de Compras	Sede Central	Pliegos de Bases y Condiciones de AUBASA	Propia del Puesto	Capacitación Realizada		10	2026-06-01
12/06/2026		Osisnalde Pablo	Gerencia de Compras	Analista de Compras	Sede Central	Manual de Compras	Propia del Puesto	Capacitacion Realizada		9	2026-06-02
06/08/2026		Ruiz Diaz Mara	Gerencia de Compras	Administrativo de Licitaciones	Sede Central	Pliegos de Bases y Condiciones de AUBASA	Propia del Puesto	Capacitación Realizada		10	2026-05-15
15/12/2026		Labarta Joaquin	Gerencia de Compras	Analista de Compras	Sede Central	Pliegos de Bases y Condiciones de AUBASA	Propia del Puesto	Capacitación Programada			
10/08/2026		Ruiz Diaz Mara	Gerencia de Compras	Administrativo de Licitaciones	Sede Central	Manual de Compras	Propia del Puesto	Capacitacion Realizada		10	2026-06-02
09/12/2026		Fernandez Fayolle, Pablo	Gerencia de Compras	Gerente de Compras	Sede Central	Armado de Expedientes digitales	Propia del Puesto	Capacitación Programada			
07/12/2026		Fittipaldi Mariana	Gerencia de Compras	Jefe de Compras	Sede Central	Armado de Expedientes digitales	Propia del Puesto	Capacitación Programada	2026-12-07		
15/12/2026		Labarta Joaquin	Gerencia de Compras	Analista de Compras	Sede Central	Manual de Compras	Propia del Puesto	Capacitación Programada			
24/08/2026		Villareal Mariela	Gerencia de Compras	Analista de Compras	Sede Central	Armado de Expedientes digitales	Propia del Puesto	Capacitación Programada			
24/08/2026		Osisnalde Pablo	Gerencia de Compras	Analista de Compras	Sede Central	Armado de Expedientes digitales	Propia del Puesto	Capacitación Programada			
02/12/2026		Moya Maria Victoria	Gerencia de Compras	Analista de Compras	Sede Central	Manual de Compras	Propia del Puesto	Capacitación Programada			
24/08/2026		Ruiz Diaz Mara	Gerencia de Compras	Administrativo de Licitaciones	Sede Central	Armado de Expedientes digitales	Propia del Puesto	Capacitación Programada			
24/08/2026		Labarta Joaquin	Gerencia de Compras	Analista de Compras	Sede Central	Armado de Expedientes digitales	Propia del Puesto	Capacitación Programada			
26/05/2026		Burgos Gisela	Gerencia de Compras	Responsable de Licitaciones	Sede Central	Ley Nacional de Tránsito N°24449 Decreto N° 32/2018 Certificado de homologación de autopartes de seguridad (C.H.A.S.).  	Propia del Puesto	Capacitación Realizada		10	26/05/2026
26/05/2026		Fittipaldi Mariana	Gerencia de Compras	Jefe de Compras	Sede Central	Ley Nacional de Tránsito N°24449 Decreto N° 32/2018 Certificado de homologación de autopartes de seguridad (C.H.A.S.).  	Propia del Puesto	Capacitación Realizada	26/05/2026	10	26/05/2026
26/05/2026		Garcia Carro Claudia	Gerencia de Compras	Analista de Compras	Sede Central	Ley Nacional de Tránsito N°24449 Decreto N° 32/2018 Certificado de homologación de autopartes de seguridad (C.H.A.S.).  	Propia del Puesto	Capacitación Realizada		10	26/05/2026
26/05/2026		Gil Aldana	Gerencia de Compras	Analista de Compras	Sede Central	Ley Nacional de Tránsito N°24449 Decreto N° 32/2018 Certificado de homologación de autopartes de seguridad (C.H.A.S.).  	Propia del Puesto	Capacitación Realizada		10	26/05/2026
27/05/2026		Gonzalez Silvio	Gerencia de Compras	Auxiliar de almacén	Sede Central	Manejo manual de cargas y ergonomía.	Propia del Puesto	Capacitación Realizada		10	27/05/2026
13/05/2026		Gonzalez Silvio	Gerencia de Compras	Auxiliar de almacén	Sede Central	Sistema de autoprotección. Prevención y extinción de focos ígneos. Plan de acción ante emergencias.	Seguridad e Higiene	Capacitacion Realizada		10	13/05/2026
13/05/2026		Labombarda Emiliano	Gerencia de Compras	Analista de Compras	Sede Central	Manejo manual de cargas y ergonomía.	Seguridad e Higiene	Capacitación Realizada		10	13/05/2026
06/05/2026		Labombarda Emiliano	Gerencia de Compras	Analista de Compras	Sede Central	Identificación de riesgos, estimación de peligros y su impacto a la salud. Prevención de accidentes y enfermedades profesionales. Elementos de protección personal.	Seguridad e Higiene	Capacitación Realizada	06/05/2026	10	06/05/2026
13/05/2026		Labombarda Emiliano	Gerencia de Compras	Analista de Compras	Sede Central	Riesgo Electrico	Seguridad e Higiene	Capacitacion Realizada	13/05/2026	10	2026-05-13
13/05/2026		Labombarda Emiliano	Gerencia de Compras	Analista de Compras	Sede Central	Sistema de autoprotección. Prevención y extinción de focos ígneos. Plan de acción ante emergencias.	Seguridad e Higiene	Capacitacion Realizada	13/05/2026	10	2026-05-13
19/05/2026		Mazzoni Mario	Gerencia de Compras	Coordinador de Compras	Sede Central	Ley Nacional de Tránsito N°24449 Decreto N° 32/2018 Certificado de homologación de autopartes de seguridad (C.H.A.S.).  	Propia del Puesto	Capacitación Realizada		10	19/05/2026
06/05/2026		Mazzoni Mario	Gerencia de Compras	Coordinador de Compras	Sede Central	Identificación de riesgos, estimación de peligros y su impacto a la salud. Prevención de accidentes y enfermedades profesionales. Elementos de protección personal.	Seguridad e Higiene	Capacitación Realizada		10	06/05/2026
27/05/2026		Mazzoni Mario	Gerencia de Compras	Coordinador de Compras	Sede Central	Manejo manual de cargas y ergonomía.	Seguridad e Higiene	Capacitación Realizada		10	27/05/2026
20/05/2026		Mazzoni Mario	Gerencia de Compras	Coordinador de Compras	Sede Central	Riesgo Electrico	Seguridad e Higiene	Capacitación Realizada		10	20/05/2026
13/05/2026		Mazzoni Mario	Gerencia de Compras	Coordinador de Compras	Sede Central	Sistema de autoprotección. Prevención y extinción de focos ígneos. Plan de acción ante emergencias.	Seguridad e Higiene	Capacitacion Realizada	13/05/2026	10	2026-05-13
06/05/2026		Gonzalez Silvio	Gerencia de Compras	Analista de Compras	Sede Central	Identificación de riesgos, estimación de peligros y su impacto a la salud. Prevención de accidentes y enfermedades profesionales. Elementos de protección personal.	Seguridad e Higiene	Capacitacion Realizada	06/05/2026	10	2026-05-06
27/05/2026		Moya Maria Victoria	Gerencia de Compras	Analista de Compras	Sede Central	Manejo manual de cargas y ergonomía.	Seguridad e Higiene	Capacitación Realizada		9	27/05/2026
14/05/2026		Moya Maria Victoria	Gerencia de Compras	Analista de Compras	Sede Central	Sistema de autoprotección. Prevención y extinción de focos ígneos. Plan de acción ante emergencias.	Seguridad e Higiene			10	14/05/2026
20/05/2026		Fernandez Fayolle, Pablo	Gerencia de Compras	Analista de Compras	Sede Central	Ley Nacional de Tránsito N°24449 Decreto N° 32/2018 Certificado de homologación de autopartes de seguridad (C.H.A.S.).  	Propia del Puesto	Capacitación Realizada		10	20/05/2026
20/05/2026		Ruiz Diaz Mara	Gerencia de Compras	Administrativo de Licitaciones	Sede Central	Ley Nacional de Tránsito N°24449 Decreto N° 32/2018 Certificado de homologación de autopartes de seguridad (C.H.A.S.).  	Propia del Puesto	Capacitacion Realizada	20/05/2026	10	2026-05-20
01/06/2026		Gonzalez Silvio	Gerencia de Compras	Auxiliar de almacén	Sede Central	Contrato de Concesión	Propia del puesto	Capacitacion Realizada		10	2026-06-01
26/05/2026		Burgos Gisela	Gerencia de Compras	Responsable de licitaciones	Sede Central	Política SGI	Capacitaciones SGI	Capacitacion Realizada		10	2026-05-26
01/06/2026		Gonzalez Silvio	Gerencia de Compras	Auxiliar de almacén	Sede Central	Reglamento de usuario	Propia del puesto	Capacitación Realizada		10	2026-06-01
01/06/2026		Gonzalez Silvio	Gerencia de Compras	Auxiliar de almacen	Sede central	Reglamento de explotación	Propia del puesto	Capacitación Realizada		10	2026-06-01
01/06/2026		Gonzalez Silvio	Gerencia de Compras	Auxiliar de almacén	Sede Central	No Conformidades y Oportunidades de mejora(PAU08-Mejora)	Capacitaciones SGI	Capacitacion Realizada		10	2026-06-01
01/06/2026		Gonzalez Silvio	Gerencia de Compras	Auxiliar de almacén	Sede Central	Introducción al SGI	Capacitaciones SGI	Capacitacion Realizada		10	2026-06-01
01/06/2026		Gonzalez Silvio	Gerencia de Compras	Auxiliar de almacén	Sede Central	Evaluación del Desempeño PAU_07_Anexo 3 Indicadores de Gestión	Capacitaciones SGI	Capacitacion Realizada		10	2026-06-01
22/05/2026		Moya Maria Victoria	Gerencia de Compras	Analista de compras	Sede Central	Ley Nacional de Tránsito N°24449 Decreto N° 32/2018 Certificado de homologación de autopartes de seguridad (C.H.A.S.).  	Propia del puesto	Capacitacion Realizada		10	
01/06/2026		Moya Maria Victoria	Gerencia de Compras	Analista de compras	Sede central	Identificación de riesgos, estimación de peligros y su impacto a la salud. Prevención de accidentes y enfermedades profesionales. Elementos de protección personal_	Propia del puesto	Capacitacion Realizada		10	2026-06-01
26/05/2026		Moya María Victoria	Gerencia de Compras	Propia del puesto	Sede Central	Riesgo eléctrico oficina	Seguridad e Higiene	Capacitación Realizada		10	2026-05-26
03/06/2026		Osisnalde Pablo	Gerencia de Compras	Analista de compras	Sede central	 Sistemas de autoprotección	Seguridad e Higiene	Capacitacion Realizada		10	2026-06-03
03/06/2026		Ruiz Diaz Mara	Gerencia de Compras	Administrativo de licitaciones	Sede central	Identificación de riesgos, estimación de peligros y su impacto en la salud. 	Seguridad e Higiene	Capacitacion Realizada		10	2026-06-03
03/06/2026		Ruiz Diaz Mara	Gerencia de Compras	Administrativo de licitaciones	Sede central	Sistemas de autoprotección. Prevención y extinción de focos íngneos.	Seguridad e Higiene	Capacitación Realizada		10	2026-06-03
03/06/2026		Techera Javier	Gerencia de Compras	Auxiliar de almacén	Sede Central	Identificación de riesgos, estimación de peligros y su impacto a la salud. Prevención de accidentes y enfermedades profesionales. Elementos de protección personal_	Seguridad e Higiene	Capacitación Realizada		10	2026-06-03
03/06/2026		Techera Javier	Gerencia de Compras	Auxiliar de almacén	Sede central	Manejo manual de cargas y ergonomía 	Seguridad e higiene	Capacitación Realizada		9	2026-06-03
03/06/2026		Techera Javier	Gerencia de Compras	Auxiliar de almacén	Sede central	Riesgo eléctrico oficinas	Seguridad e Higiene	Capacitacion Realizada		10	2026-06-03
03/06/2026		Techera Javier	Gerencia de Compras	Auxiliar de almacén	Sede central	Sistemas de autoprotección. Prevención y extinción de focos ígneos.	Seguridad e Higiene	Capacitación Realizada		10	2026-06-03
15/10/2026		Fernandez Fayolle, Pablo	Gerencia de Compras	Gerente de Compras	Sede Central	ITAU 04/05 Gestión de Seguridad Vial	Capacitaciones SGI	Capacitación Programada			
18/08/2026		Fernandez Fayolle, Pablo	Gerencia de Compras	Gerente de Compras	Sede Central	Reglamento General de Contrataciones de Autopistas de Buenos Aires	Propia del puesto	Capacitación Programada			
09/12/2026		Fernandez Fayolle, Pablo	Gerencia de Compras	Gerente de Compras	Sede Central	Pliego de bases y condiciones generales de AUBASA	Propia del puesto	Capacitación Programada			
09/12/2026		Fernandez Fayolle, Pablo	Gerencia de Compras	Gerente de Compras	Sede Central	Manual de Compras AUBASA	Propia del puesto	Capacitación Programada			
02/06/2026		Osisnalde Pablo	Gerencia de Compras	Analista de compras	Sede central	Disposicion del Decreto Ley 7647/70 subnormas reglamentarias y complementarias	Propia del puesto	Capacitacion Realizada		9	2026-06-02
02/06/2026		Ruiz Diaz Mara	Gerencia de Compras	Administrativo de Licitaciones	Sede Central	Disposicion del Decreto Ley 7647/70 subnormas reglamentarias y complementarias	Propia del puesto	Capacitacion Realizada		10	2026-06-02
03/06/2026		Osisnalde Pablo	Gerencia de Compras	Analista de Compras	Sede Central	Identificación de riesgos, estimación de peligros y su impacto en la salud	Seguridad e Higiene	Capacitacion Realizada		10	2026-06-02
