02/06/2025		Génova Sebastián	Relaciones Institucionales	Responsable de Redes	Sede Central	Politica del SGI	Capacitaciones SGI	Capacitación Realizada	01/12/2025	10	01/12/2025
07/07/2025		Génova Sebastián	Relaciones Institucionales	Responsable de Redes	Sede Central	Introduccion SGI	Capacitaciones SGI	Capacitación Realizada		10	01/07/2025
											
01/07/2025		Lobos Joaquin	Relaciones Institucionales	Jefe de Prensa	Sede Central	Introduccion SGI	Capacitaciones SGI	Capacitación Realizada		10	01/07/2025
01/07/2025		Rodríguez Eduardo	Relaciones Institucionales	Subgerente de Relaciones Institucionales	Sede Central	Gestion de Riesgos y Oportunidades	Propia del Puesto	Capacitación Realizada		10	02/07/2025
01/07/2025		Lobos Joaquin	Relaciones Institucionales	Jefe de Prensa	Sede Central	Gestion de Riesgos y Oportunidades	Propia del Puesto	Capacitación Realizada		10	01/07/2025
01/07/2025		Génova Sebastián	Relaciones Institucionales	Responsable de Redes	Sede Central	Gestion de Riesgos y Oportunidades	Propia del Puesto	Capacitación Realizada		10	01/07/2025
29/05/2025		Rodríguez Eduardo	Relaciones Institucionales	Subgerente de Relaciones Institucionales	Sede Central	ITAU 04/05 Gestión de Seguridad Vial	Propia del Puesto	Capacitación Realizada		10	29/05/2025
28/05/2025		Lobos Joaquin	Relaciones Institucionales	Jefe de Prensa	Sede Central	ITAU 04/05 Gestión de Seguridad Vial	Propia del Puesto	Capacitación Realizada		8	28/05/2025
30/06/2025		Génova Sebastián	Relaciones Institucionales	Responsable de Redes	Sede Central	ITAU 04/05 Gestión de Seguridad Vial	Propia del Puesto	Capacitación Realizada		8	30/06/2025
02/07/2025		Rodríguez Eduardo	Relaciones Institucionales	Subgerente de Relaciones Institucionales	Sede Central	Politica del SGI	Capacitaciones SGI	Capacitación Realizada		10	02/07/2025
01/07/2025		Lobos Joaquin	Relaciones Institucionales	Jefe de Prensa	Sede Central	Politica del SGI	Capacitaciones SGI	Capacitación Realizada		10	02/07/2025
31/08/2025		Rodríguez Eduardo	Relaciones Institucionales	Subgerente de Relaciones Institucionales	Sede Central	Reglamento del usuario y contrato de concesión	Propia del Puesto	Capacitación Realizada		10	06/07/2025
31/08/2025		Lobos Joaquin	Relaciones Institucionales	Jefe de Prensa	Sede Central	Reglamento del usuario y contrato de concesión	Propia del Puesto	Capacitación Realizada		10	29/05/2025
31/08/2025		Génova Sebastián	Relaciones Institucionales	Responsable de Redes	Sede Central	Reglamento del usuario y contrato de concesión	Propia del Puesto	Capacitación Realizada		10	03/06/2025
13/5/2026	40076	Rodríguez Eduardo	Relaciones Institucionales	Subgerente de Relaciones Institucionales	Sede Central	Anexo 1 PAU-05  - Relaciones Institucionales	Propia del Puesto	Capacitación Realizada	13/05/2026	10	13/05/2026
2/6/2026		Lobos Joaquin	Relaciones Institucionales	Jefe de Prensa	Sede Central	Anexo 1 PAU-05  - Relaciones Institucionales	Propia del Puesto	Capacitacion Realizada		10	2026-05-08
13/5/2026	13017	Génova Sebastián	Relaciones Institucionales	Responsable de Redes	Sede Central	Anexo 1 PAU-05  - Relaciones Institucionales	Propia del Puesto	Capacitación Realizada	13/05/2026	10	13/05/2026
13/05/2026		Rodríguez Eduardo	Relaciones Institucionales	Subgerente de Relaciones Institucionales	Sede Central	Induccion SHE	Seguridad e Higiene	Capacitación Realizada		10	13/05/2026
24/06/2026		Lobos Joaquin	Relaciones Institucionales	Jefe de Prensa	Sede Central	Induccion SHE	Seguridad e Higiene	Capacitacion Realizada		10	2026-07-02
13/05/2026		Génova Sebastián	Relaciones Institucionales	Responsable de Redes	Sede Central	Induccion SHE	Seguridad e Higiene	Capacitación Realizada		10	13/05/2026
19/05/2026		Rodríguez Eduardo	Relaciones Institucionales	Subgerente de Relaciones Institucionales	Sede Central	 ANEXO 9 PAU 05 Competencia y formacion	Capacitaciones SGI	Capacitacion Realizada		10	19/05/2026
15/06/2026		Lobos Joaquin	Relaciones Institucionales	Jefe de Prensa	Sede Central	 ANEXO 9 PAU 05 Competencia y formacion	Capacitaciones SGI	Capacitacion Realizada		10	2026-07-02
19/05/2026		Génova Sebastián	Relaciones Institucionales	Responsable de Redes	Sede Central	 ANEXO 9 PAU 05 Competencia y formacion	Capacitaciones SGI	Capacitacion Realizada		10	19/05/2026
